,Age,Education,Income,Occupation,Settlement size,Sex_Female,Sex_Male,Marital status_Married,Marital status_Single
0,67,2.0,124670,1.0,2.0,0.0,1.0,0.0,1.0
1,22,1.0,150773,1.0,2.0,1.0,0.0,1.0,0.0
2,49,1.0,89210,0.0,0.0,0.0,1.0,0.0,1.0
3,45,1.0,171565,1.0,1.0,0.0,1.0,0.0,1.0
4,53,1.0,149031,1.0,1.0,0.0,1.0,0.0,1.0
5,35,1.0,144848,0.0,0.0,0.0,1.0,0.0,1.0
6,53,1.0,156495,1.0,1.0,0.0,1.0,0.0,1.0
7,35,1.0,193621,2.0,1.0,0.0,1.0,0.0,1.0
8,61,2.0,151591,0.0,0.0,0.0,1.0,1.0,0.0
9,28,1.0,174646,2.0,0.0,0.0,1.0,1.0,0.0
10,25,1.0,108469,1.0,0.0,1.0,0.0,1.0,0.0
11,24,1.0,127596,1.0,0.0,1.0,0.0,1.0,0.0
12,22,1.0,108687,1.0,2.0,1.0,0.0,1.0,0.0
13,60,2.0,89374,0.0,0.0,0.0,1.0,0.0,1.0
14,28,1.0,102899,1.0,1.0,1.0,0.0,1.0,0.0
15,32,1.0,88428,0.0,0.0,1.0,0.0,1.0,0.0
16,53,1.0,125550,1.0,0.0,0.0,1.0,0.0,1.0
17,25,0.0,157434,1.0,2.0,0.0,1.0,0.0,1.0
18,44,2.0,261952,2.0,2.0,1.0,0.0,1.0,0.0
19,31,0.0,144657,1.0,1.0,0.0,1.0,0.0,1.0
20,48,1.0,118777,1.0,1.0,0.0,1.0,0.0,1.0
21,44,1.0,147511,1.0,1.0,0.0,1.0,0.0,1.0
22,48,1.0,89804,0.0,0.0,0.0,1.0,0.0,1.0
23,44,1.0,134918,1.0,2.0,0.0,1.0,0.0,1.0
24,26,1.0,103667,1.0,2.0,0.0,1.0,1.0,0.0
25,36,1.0,71909,0.0,0.0,0.0,1.0,0.0,1.0
26,39,1.0,68264,0.0,0.0,0.0,1.0,1.0,0.0
27,42,2.0,163025,1.0,1.0,1.0,0.0,1.0,0.0
28,34,1.0,119307,1.0,1.0,0.0,1.0,0.0,1.0
29,63,2.0,175882,1.0,0.0,0.0,1.0,0.0,1.0
30,36,1.0,159646,1.0,1.0,0.0,1.0,1.0,0.0
31,27,0.0,120131,1.0,1.0,0.0,1.0,0.0,1.0
32,30,0.0,162745,1.0,2.0,0.0,1.0,0.0,1.0
33,57,2.0,87605,0.0,0.0,0.0,1.0,0.0,1.0
34,33,1.0,155569,2.0,1.0,1.0,0.0,1.0,0.0
35,25,0.0,104505,0.0,0.0,0.0,1.0,0.0,1.0
36,31,0.0,143385,1.0,2.0,0.0,1.0,0.0,1.0
37,37,1.0,127676,1.0,1.0,0.0,1.0,0.0,1.0
38,37,1.0,119276,1.0,1.0,0.0,1.0,0.0,1.0
39,24,0.0,92542,1.0,1.0,0.0,1.0,0.0,1.0
40,30,0.0,163329,2.0,1.0,0.0,1.0,0.0,1.0
41,26,1.0,130921,1.0,0.0,0.0,1.0,1.0,0.0
42,44,1.0,133658,0.0,0.0,0.0,1.0,0.0,1.0
43,24,1.0,155104,1.0,1.0,0.0,1.0,1.0,0.0
44,58,2.0,142335,0.0,1.0,1.0,0.0,1.0,0.0
45,35,1.0,138387,2.0,1.0,1.0,0.0,1.0,0.0
46,39,1.0,140182,1.0,0.0,0.0,1.0,0.0,1.0
47,23,1.0,65421,0.0,0.0,1.0,0.0,1.0,0.0
48,39,1.0,130500,0.0,0.0,0.0,1.0,0.0,1.0
49,28,1.0,122831,1.0,0.0,1.0,0.0,1.0,0.0
50,29,0.0,84531,0.0,0.0,0.0,1.0,0.0,1.0
51,30,0.0,180196,2.0,2.0,0.0,1.0,0.0,1.0
52,25,0.0,92058,1.0,2.0,0.0,1.0,0.0,1.0
53,31,0.0,117158,1.0,0.0,0.0,1.0,0.0,1.0
54,57,2.0,135830,1.0,1.0,0.0,1.0,0.0,1.0
55,26,0.0,58258,0.0,0.0,0.0,1.0,0.0,1.0
56,52,1.0,202575,2.0,2.0,0.0,1.0,0.0,1.0
57,31,1.0,183657,1.0,1.0,1.0,0.0,1.0,0.0
58,23,1.0,152267,2.0,1.0,1.0,0.0,1.0,0.0
59,23,1.0,115240,0.0,0.0,1.0,0.0,1.0,0.0
60,27,1.0,106955,1.0,2.0,0.0,1.0,1.0,0.0
61,50,1.0,123641,1.0,1.0,0.0,1.0,0.0,1.0
62,61,2.0,166410,2.0,1.0,0.0,1.0,0.0,1.0
63,25,0.0,227385,1.0,2.0,0.0,1.0,0.0,1.0
64,26,1.0,118372,1.0,1.0,1.0,0.0,1.0,0.0
65,48,1.0,148115,1.0,1.0,0.0,1.0,0.0,1.0
66,29,1.0,111069,1.0,0.0,1.0,0.0,1.0,0.0
67,22,1.0,139780,1.0,0.0,0.0,1.0,1.0,0.0
68,37,1.0,106978,1.0,2.0,0.0,1.0,0.0,1.0
69,25,1.0,110019,1.0,2.0,1.0,0.0,1.0,0.0
70,30,1.0,169102,1.0,1.0,1.0,0.0,1.0,0.0
71,46,1.0,73703,0.0,0.0,0.0,1.0,0.0,1.0
72,51,1.0,141858,2.0,2.0,0.0,1.0,0.0,1.0
73,41,2.0,135959,0.0,0.0,1.0,0.0,1.0,0.0
74,40,1.0,140888,2.0,2.0,0.0,1.0,0.0,1.0
75,66,2.0,157299,2.0,2.0,0.0,1.0,0.0,1.0
76,34,1.0,125187,1.0,1.0,0.0,1.0,0.0,1.0
77,51,1.0,155486,1.0,2.0,0.0,1.0,0.0,1.0
78,39,1.0,151697,0.0,0.0,0.0,1.0,0.0,1.0
79,22,1.0,126400,1.0,1.0,0.0,1.0,1.0,0.0
80,44,2.0,159246,1.0,2.0,1.0,0.0,1.0,0.0
81,47,1.0,136138,1.0,1.0,0.0,1.0,0.0,1.0
82,24,1.0,84792,0.0,0.0,1.0,0.0,1.0,0.0
83,58,2.0,100210,0.0,0.0,1.0,0.0,1.0,0.0
84,52,1.0,93706,0.0,0.0,0.0,1.0,0.0,1.0
85,29,1.0,133783,2.0,1.0,1.0,0.0,1.0,0.0
86,27,1.0,110064,1.0,2.0,1.0,0.0,1.0,0.0
87,47,1.0,241068,1.0,1.0,0.0,1.0,0.0,1.0
88,30,0.0,149022,2.0,2.0,0.0,1.0,0.0,1.0
89,28,0.0,92973,1.0,2.0,0.0,1.0,0.0,1.0
90,56,1.0,110605,1.0,1.0,0.0,1.0,0.0,1.0
91,54,1.0,116604,1.0,1.0,0.0,1.0,0.0,1.0
92,33,1.0,71070,0.0,0.0,1.0,0.0,1.0,0.0
93,20,0.0,128678,1.0,1.0,0.0,1.0,0.0,1.0
94,54,1.0,165230,1.0,2.0,0.0,1.0,0.0,1.0
95,58,2.0,268340,1.0,1.0,0.0,1.0,0.0,1.0
96,61,2.0,135070,1.0,1.0,1.0,0.0,1.0,0.0
97,34,1.0,134794,1.0,2.0,0.0,1.0,0.0,1.0
98,36,1.0,120153,1.0,1.0,0.0,1.0,0.0,1.0
99,36,1.0,195465,2.0,2.0,0.0,1.0,0.0,1.0
100,41,1.0,93372,0.0,0.0,0.0,1.0,1.0,0.0
101,24,0.0,110446,1.0,0.0,0.0,1.0,0.0,1.0
102,24,1.0,95186,1.0,1.0,1.0,0.0,1.0,0.0
103,35,1.0,115343,1.0,1.0,0.0,1.0,0.0,1.0
104,26,1.0,107276,1.0,1.0,0.0,1.0,1.0,0.0
105,39,1.0,244716,2.0,2.0,0.0,1.0,0.0,1.0
106,39,1.0,183108,2.0,2.0,0.0,1.0,0.0,1.0
107,32,0.0,152876,1.0,2.0,0.0,1.0,0.0,1.0
108,30,1.0,165147,1.0,0.0,1.0,0.0,1.0,0.0
109,35,1.0,140520,1.0,0.0,0.0,1.0,1.0,0.0
110,31,1.0,124203,1.0,1.0,0.0,1.0,1.0,0.0
111,23,1.0,107205,1.0,1.0,1.0,0.0,1.0,0.0
112,28,0.0,121432,0.0,2.0,0.0,1.0,0.0,1.0
113,25,1.0,162445,1.0,0.0,1.0,0.0,1.0,0.0
114,35,1.0,134112,1.0,1.0,0.0,1.0,1.0,0.0
115,47,1.0,131842,1.0,1.0,0.0,1.0,0.0,1.0
116,30,1.0,189896,2.0,0.0,1.0,0.0,1.0,0.0
117,27,1.0,109099,1.0,2.0,1.0,0.0,1.0,0.0
118,23,1.0,153539,1.0,1.0,1.0,0.0,1.0,0.0
119,36,1.0,180495,2.0,1.0,0.0,1.0,1.0,0.0
120,25,1.0,104653,1.0,2.0,1.0,0.0,1.0,0.0
121,41,2.0,166933,2.0,2.0,1.0,0.0,1.0,0.0
122,24,0.0,66118,0.0,0.0,0.0,1.0,0.0,1.0
123,63,2.0,135754,1.0,0.0,0.0,1.0,0.0,1.0
124,27,1.0,116103,1.0,2.0,1.0,0.0,1.0,0.0
125,30,0.0,104293,1.0,1.0,0.0,1.0,0.0,1.0
126,40,1.0,71702,0.0,0.0,0.0,1.0,1.0,0.0
127,30,0.0,99066,1.0,2.0,0.0,1.0,0.0,1.0
128,34,1.0,143979,2.0,2.0,0.0,1.0,0.0,1.0
129,29,1.0,123818,1.0,0.0,1.0,0.0,1.0,0.0
130,24,1.0,176714,1.0,2.0,1.0,0.0,1.0,0.0
131,29,0.0,149249,1.0,2.0,0.0,1.0,0.0,1.0
132,27,0.0,77535,0.0,0.0,0.0,1.0,0.0,1.0
133,47,1.0,116540,1.0,1.0,0.0,1.0,0.0,1.0
134,21,1.0,194728,1.0,0.0,1.0,0.0,1.0,0.0
135,38,1.0,109311,1.0,2.0,1.0,0.0,1.0,0.0
136,27,0.0,204723,1.0,2.0,0.0,1.0,0.0,1.0
137,66,2.0,126003,0.0,0.0,0.0,1.0,0.0,1.0
138,35,1.0,123109,1.0,1.0,0.0,1.0,0.0,1.0
139,44,2.0,108251,0.0,0.0,1.0,0.0,1.0,0.0
140,27,1.0,89908,0.0,0.0,0.0,1.0,1.0,0.0
141,30,1.0,176057,2.0,1.0,1.0,0.0,1.0,0.0
142,27,0.0,144332,2.0,2.0,0.0,1.0,0.0,1.0
143,22,0.0,101185,1.0,1.0,0.0,1.0,0.0,1.0
144,23,1.0,107406,1.0,2.0,1.0,0.0,1.0,0.0
145,30,0.0,140665,1.0,1.0,0.0,1.0,0.0,1.0
146,39,2.0,106461,1.0,0.0,1.0,0.0,1.0,0.0
147,51,2.0,127825,1.0,0.0,1.0,0.0,1.0,0.0
148,28,0.0,133898,1.0,1.0,0.0,1.0,0.0,1.0
149,46,1.0,152383,1.0,2.0,0.0,1.0,0.0,1.0
150,42,1.0,119926,1.0,0.0,0.0,1.0,0.0,1.0
151,38,1.0,108784,1.0,2.0,0.0,1.0,0.0,1.0
152,24,0.0,153286,1.0,1.0,0.0,1.0,0.0,1.0
153,29,1.0,214204,1.0,2.0,1.0,0.0,1.0,0.0
154,36,1.0,208101,2.0,2.0,0.0,1.0,0.0,1.0
155,20,1.0,95355,1.0,1.0,1.0,0.0,1.0,0.0
156,48,1.0,124156,1.0,1.0,0.0,1.0,0.0,1.0
157,45,2.0,72215,0.0,0.0,0.0,1.0,1.0,0.0
158,38,1.0,146529,1.0,2.0,0.0,1.0,0.0,1.0
159,34,1.0,75343,0.0,0.0,0.0,1.0,0.0,1.0
160,36,1.0,129789,1.0,1.0,0.0,1.0,0.0,1.0
161,30,1.0,101153,1.0,1.0,1.0,0.0,1.0,0.0
162,36,1.0,127833,1.0,2.0,0.0,1.0,0.0,1.0
163,70,2.0,224998,2.0,2.0,0.0,1.0,0.0,1.0
164,36,1.0,124445,1.0,2.0,0.0,1.0,0.0,1.0
165,32,0.0,141116,1.0,1.0,0.0,1.0,0.0,1.0
166,33,1.0,104276,1.0,2.0,1.0,0.0,1.0,0.0
167,20,1.0,147687,1.0,2.0,1.0,0.0,1.0,0.0
168,25,1.0,125168,1.0,1.0,1.0,0.0,1.0,0.0
169,31,1.0,115369,1.0,2.0,0.0,1.0,1.0,0.0
170,33,1.0,95445,1.0,0.0,0.0,1.0,0.0,1.0
171,26,1.0,95159,1.0,1.0,1.0,0.0,1.0,0.0
172,34,1.0,153031,2.0,2.0,1.0,0.0,1.0,0.0
173,33,1.0,108899,1.0,0.0,0.0,1.0,0.0,1.0
174,26,0.0,113515,1.0,1.0,0.0,1.0,0.0,1.0
175,53,2.0,211229,2.0,0.0,1.0,0.0,1.0,0.0
176,42,2.0,121307,1.0,0.0,0.0,1.0,1.0,0.0
177,52,1.0,131727,1.0,2.0,0.0,1.0,0.0,1.0
178,31,0.0,133574,2.0,1.0,0.0,1.0,0.0,1.0
179,65,2.0,117334,1.0,0.0,0.0,1.0,0.0,1.0
180,28,1.0,177291,1.0,2.0,0.0,1.0,1.0,0.0
181,30,1.0,168763,2.0,1.0,0.0,1.0,1.0,0.0
182,40,1.0,77720,0.0,0.0,0.0,1.0,0.0,1.0
183,50,1.0,176645,1.0,2.0,0.0,1.0,0.0,1.0
184,36,1.0,106205,1.0,1.0,0.0,1.0,0.0,1.0
185,31,0.0,97785,1.0,1.0,0.0,1.0,0.0,1.0
186,74,3.0,214364,2.0,1.0,1.0,0.0,1.0,0.0
187,68,2.0,74525,0.0,0.0,0.0,1.0,0.0,1.0
188,20,1.0,98988,1.0,0.0,0.0,1.0,1.0,0.0
189,33,1.0,133561,1.0,1.0,1.0,0.0,1.0,0.0
190,54,1.0,217651,2.0,2.0,0.0,1.0,0.0,1.0
191,34,1.0,116525,0.0,0.0,0.0,1.0,0.0,1.0
192,36,1.0,135302,1.0,2.0,0.0,1.0,0.0,1.0
193,29,1.0,106434,1.0,1.0,0.0,1.0,1.0,0.0
194,21,0.0,128350,1.0,2.0,0.0,1.0,0.0,1.0
195,34,1.0,147626,2.0,2.0,1.0,0.0,1.0,0.0
196,28,1.0,102697,1.0,0.0,1.0,0.0,1.0,0.0
197,27,1.0,120262,1.0,0.0,1.0,0.0,1.0,0.0
198,36,1.0,124214,1.0,2.0,0.0,1.0,0.0,1.0
199,40,1.0,175223,2.0,1.0,0.0,1.0,1.0,0.0
200,52,1.0,137467,1.0,0.0,0.0,1.0,0.0,1.0
201,27,1.0,65815,0.0,0.0,0.0,1.0,1.0,0.0
202,26,0.0,129864,1.0,1.0,0.0,1.0,0.0,1.0
203,21,1.0,88475,1.0,1.0,0.0,1.0,1.0,0.0
204,38,1.0,74666,0.0,0.0,0.0,1.0,0.0,1.0
205,38,1.0,222294,2.0,2.0,0.0,1.0,0.0,1.0
206,43,1.0,112878,1.0,0.0,0.0,1.0,0.0,1.0
207,26,0.0,103411,1.0,2.0,0.0,1.0,0.0,1.0
208,21,1.0,112868,0.0,0.0,0.0,1.0,1.0,0.0
209,55,1.0,157940,1.0,2.0,0.0,1.0,0.0,1.0
210,33,1.0,115835,1.0,2.0,0.0,1.0,0.0,1.0
211,45,2.0,109807,0.0,0.0,1.0,0.0,1.0,0.0
212,50,1.0,150699,1.0,1.0,0.0,1.0,0.0,1.0
213,66,2.0,178967,2.0,0.0,0.0,1.0,0.0,1.0
214,51,1.0,132767,1.0,0.0,0.0,1.0,0.0,1.0
215,39,2.0,86152,0.0,0.0,1.0,0.0,1.0,0.0
216,31,0.0,114528,1.0,2.0,0.0,1.0,0.0,1.0
217,23,0.0,133912,1.0,1.0,0.0,1.0,0.0,1.0
218,24,1.0,81210,0.0,0.0,0.0,1.0,1.0,0.0
219,64,3.0,131242,1.0,0.0,1.0,0.0,1.0,0.0
220,26,1.0,68804,0.0,0.0,0.0,1.0,1.0,0.0
221,23,1.0,96961,1.0,1.0,1.0,0.0,1.0,0.0
222,30,0.0,90719,1.0,2.0,0.0,1.0,0.0,1.0
223,32,0.0,114116,1.0,1.0,0.0,1.0,0.0,1.0
224,30,0.0,128639,1.0,1.0,0.0,1.0,0.0,1.0
225,27,0.0,106623,1.0,1.0,0.0,1.0,0.0,1.0
226,27,0.0,236264,1.0,1.0,0.0,1.0,0.0,1.0
227,53,1.0,207783,2.0,1.0,0.0,1.0,0.0,1.0
228,22,0.0,91739,1.0,1.0,0.0,1.0,0.0,1.0
229,22,0.0,107780,1.0,2.0,0.0,1.0,0.0,1.0
230,26,0.0,139157,1.0,2.0,0.0,1.0,0.0,1.0
231,51,1.0,121751,0.0,0.0,0.0,1.0,0.0,1.0
232,35,1.0,121974,1.0,0.0,0.0,1.0,0.0,1.0
233,25,1.0,70320,0.0,0.0,0.0,1.0,1.0,0.0
234,42,1.0,78327,0.0,0.0,0.0,1.0,0.0,1.0
235,30,0.0,131433,2.0,0.0,0.0,1.0,0.0,1.0
236,23,0.0,167076,0.0,2.0,0.0,1.0,0.0,1.0
237,61,2.0,130788,0.0,0.0,0.0,1.0,1.0,0.0
238,35,1.0,107408,1.0,1.0,1.0,0.0,1.0,0.0
239,39,1.0,115323,1.0,1.0,0.0,1.0,0.0,1.0
240,29,1.0,99012,1.0,0.0,1.0,0.0,1.0,0.0
241,51,1.0,115996,1.0,1.0,0.0,1.0,0.0,1.0
242,24,0.0,123353,1.0,1.0,0.0,1.0,0.0,1.0
243,27,1.0,100008,1.0,0.0,1.0,0.0,1.0,0.0
244,35,1.0,125105,0.0,0.0,1.0,0.0,1.0,0.0
245,25,0.0,92020,1.0,2.0,0.0,1.0,0.0,1.0
246,52,1.0,108365,1.0,2.0,0.0,1.0,0.0,1.0
247,35,1.0,112979,1.0,0.0,0.0,1.0,0.0,1.0
248,26,0.0,117221,1.0,1.0,0.0,1.0,0.0,1.0
249,22,1.0,88800,1.0,2.0,1.0,0.0,1.0,0.0
250,39,2.0,115099,0.0,0.0,1.0,0.0,1.0,0.0
251,46,2.0,113399,0.0,0.0,1.0,0.0,1.0,0.0
252,24,1.0,115879,1.0,1.0,1.0,0.0,1.0,0.0
253,35,1.0,141270,1.0,2.0,0.0,1.0,0.0,1.0
254,24,0.0,107633,1.0,1.0,0.0,1.0,0.0,1.0
255,27,0.0,131751,0.0,0.0,0.0,1.0,0.0,1.0
256,35,1.0,83687,0.0,0.0,0.0,1.0,0.0,1.0
257,29,1.0,106828,1.0,2.0,0.0,1.0,1.0,0.0
258,23,1.0,135537,1.0,1.0,1.0,0.0,1.0,0.0
259,57,2.0,107142,0.0,0.0,1.0,0.0,1.0,0.0
260,27,0.0,97446,1.0,1.0,0.0,1.0,0.0,1.0
261,55,2.0,126357,1.0,2.0,1.0,0.0,1.0,0.0
262,36,1.0,169617,2.0,1.0,0.0,1.0,0.0,1.0
263,57,2.0,108945,0.0,0.0,1.0,0.0,1.0,0.0
264,32,0.0,67345,0.0,0.0,0.0,1.0,0.0,1.0
265,37,1.0,106215,1.0,0.0,0.0,1.0,0.0,1.0
266,36,1.0,149237,1.0,0.0,0.0,1.0,0.0,1.0
267,38,1.0,112124,1.0,0.0,1.0,0.0,1.0,0.0
268,45,2.0,215150,2.0,2.0,0.0,1.0,1.0,0.0
269,25,0.0,89534,1.0,1.0,0.0,1.0,0.0,1.0
270,32,0.0,111082,1.0,2.0,0.0,1.0,0.0,1.0
271,37,1.0,137069,1.0,1.0,1.0,0.0,1.0,0.0
272,36,1.0,244541,2.0,2.0,0.0,1.0,0.0,1.0
273,28,0.0,120712,1.0,1.0,0.0,1.0,0.0,1.0
274,34,1.0,175367,0.0,0.0,0.0,1.0,1.0,0.0
275,32,0.0,111418,1.0,1.0,0.0,1.0,0.0,1.0
276,26,1.0,110913,1.0,0.0,1.0,0.0,1.0,0.0
277,49,2.0,84267,0.0,0.0,0.0,1.0,1.0,0.0
278,32,1.0,136886,1.0,2.0,1.0,0.0,1.0,0.0
279,29,0.0,144884,2.0,2.0,0.0,1.0,0.0,1.0
280,23,0.0,151180,1.0,1.0,0.0,1.0,0.0,1.0
281,50,1.0,114997,1.0,1.0,0.0,1.0,0.0,1.0
282,49,1.0,100961,0.0,0.0,0.0,1.0,0.0,1.0
283,63,2.0,124849,1.0,2.0,0.0,1.0,0.0,1.0
284,37,1.0,152308,1.0,2.0,0.0,1.0,1.0,0.0
285,35,1.0,167945,0.0,1.0,1.0,0.0,1.0,0.0
286,26,0.0,126706,1.0,2.0,0.0,1.0,0.0,1.0
287,31,0.0,210017,2.0,2.0,0.0,1.0,0.0,1.0
288,49,2.0,125665,1.0,1.0,1.0,0.0,1.0,0.0
289,48,2.0,111184,1.0,1.0,0.0,1.0,1.0,0.0
290,26,1.0,94134,1.0,0.0,0.0,1.0,1.0,0.0
291,28,1.0,214620,2.0,1.0,0.0,1.0,1.0,0.0
292,44,2.0,193816,2.0,1.0,1.0,0.0,1.0,0.0
293,56,1.0,168714,1.0,1.0,0.0,1.0,0.0,1.0
294,46,2.0,202997,2.0,1.0,0.0,1.0,1.0,0.0
295,26,1.0,192451,1.0,2.0,1.0,0.0,1.0,0.0
296,20,1.0,127928,1.0,2.0,1.0,0.0,1.0,0.0
297,45,1.0,78253,0.0,0.0,0.0,1.0,0.0,1.0
298,43,1.0,118446,1.0,1.0,0.0,1.0,0.0,1.0
299,32,0.0,161379,1.0,2.0,0.0,1.0,0.0,1.0
300,54,2.0,56622,0.0,0.0,1.0,0.0,1.0,0.0
301,42,2.0,146117,1.0,1.0,1.0,0.0,1.0,0.0
302,37,1.0,90418,0.0,0.0,0.0,1.0,0.0,1.0
303,49,1.0,109053,1.0,0.0,0.0,1.0,0.0,1.0
304,44,1.0,219319,1.0,0.0,0.0,1.0,0.0,1.0
305,33,1.0,144701,1.0,1.0,0.0,1.0,1.0,0.0
306,24,1.0,102425,0.0,0.0,1.0,0.0,1.0,0.0
307,33,1.0,79867,0.0,0.0,0.0,1.0,1.0,0.0
308,24,1.0,107114,1.0,2.0,1.0,0.0,1.0,0.0
309,22,1.0,62263,0.0,0.0,0.0,1.0,1.0,0.0
310,40,1.0,92567,0.0,0.0,0.0,1.0,0.0,1.0
311,25,0.0,146349,1.0,0.0,0.0,1.0,0.0,1.0
312,26,1.0,141825,1.0,1.0,1.0,0.0,1.0,0.0
313,25,1.0,68582,0.0,0.0,0.0,1.0,1.0,0.0
314,29,0.0,85476,0.0,0.0,0.0,1.0,0.0,1.0
315,31,0.0,111091,1.0,2.0,0.0,1.0,0.0,1.0
316,38,1.0,67110,0.0,0.0,0.0,1.0,0.0,1.0
317,48,2.0,126154,0.0,0.0,1.0,0.0,1.0,0.0
318,32,0.0,92257,1.0,2.0,0.0,1.0,0.0,1.0
319,27,1.0,93605,0.0,0.0,1.0,0.0,1.0,0.0
320,28,1.0,165190,2.0,0.0,0.0,1.0,1.0,0.0
321,32,1.0,107195,1.0,0.0,0.0,1.0,1.0,0.0
322,34,1.0,145059,2.0,0.0,0.0,1.0,0.0,1.0
323,28,0.0,148363,1.0,0.0,0.0,1.0,0.0,1.0
324,36,1.0,105681,1.0,2.0,1.0,0.0,1.0,0.0
325,39,1.0,93732,0.0,0.0,0.0,1.0,0.0,1.0
326,49,1.0,154778,1.0,2.0,0.0,1.0,0.0,1.0
327,34,1.0,149356,1.0,2.0,1.0,0.0,1.0,0.0
328,31,0.0,145670,1.0,1.0,0.0,1.0,0.0,1.0
329,28,0.0,101589,1.0,2.0,0.0,1.0,0.0,1.0
330,75,2.0,213333,2.0,1.0,0.0,1.0,0.0,1.0
331,30,1.0,122420,1.0,0.0,1.0,0.0,1.0,0.0
332,24,1.0,209856,2.0,1.0,1.0,0.0,1.0,0.0
333,24,1.0,181003,0.0,0.0,1.0,0.0,1.0,0.0
334,23,0.0,117804,1.0,1.0,0.0,1.0,0.0,1.0
335,44,2.0,160650,2.0,1.0,0.0,1.0,1.0,0.0
336,23,1.0,84611,0.0,0.0,1.0,0.0,1.0,0.0
337,24,1.0,98479,1.0,2.0,1.0,0.0,1.0,0.0
338,28,0.0,122359,1.0,2.0,0.0,1.0,0.0,1.0
339,31,1.0,81394,0.0,0.0,0.0,1.0,1.0,0.0
340,24,1.0,150372,1.0,1.0,1.0,0.0,1.0,0.0
341,26,1.0,92385,0.0,0.0,1.0,0.0,1.0,0.0
342,25,1.0,149851,1.0,2.0,0.0,1.0,1.0,0.0
343,33,1.0,167939,2.0,1.0,0.0,1.0,0.0,1.0
344,37,1.0,115426,0.0,0.0,0.0,1.0,0.0,1.0
345,43,2.0,85402,0.0,0.0,1.0,0.0,1.0,0.0
346,23,0.0,95815,1.0,2.0,0.0,1.0,0.0,1.0
347,23,1.0,97518,0.0,0.0,1.0,0.0,1.0,0.0
348,34,1.0,87355,0.0,0.0,0.0,1.0,0.0,1.0
349,32,0.0,145933,1.0,1.0,0.0,1.0,0.0,1.0
350,23,1.0,97307,1.0,0.0,1.0,0.0,1.0,0.0
351,29,1.0,108434,1.0,2.0,1.0,0.0,1.0,0.0
352,38,1.0,151312,2.0,1.0,0.0,1.0,0.0,1.0
353,28,0.0,141847,1.0,1.0,0.0,1.0,0.0,1.0
354,46,1.0,130675,1.0,2.0,0.0,1.0,0.0,1.0
355,23,0.0,69309,0.0,0.0,0.0,1.0,0.0,1.0
356,49,1.0,121466,1.0,2.0,0.0,1.0,0.0,1.0
357,26,0.0,153586,2.0,2.0,0.0,1.0,0.0,1.0
358,28,1.0,92849,1.0,0.0,0.0,1.0,1.0,0.0
359,23,1.0,108539,1.0,2.0,1.0,0.0,1.0,0.0
360,61,2.0,129556,1.0,2.0,0.0,1.0,0.0,1.0
361,37,1.0,170146,2.0,0.0,0.0,1.0,0.0,1.0
362,36,1.0,135383,1.0,1.0,1.0,0.0,1.0,0.0
363,21,1.0,96769,1.0,2.0,0.0,1.0,1.0,0.0
364,25,0.0,43684,0.0,0.0,0.0,1.0,0.0,1.0
365,36,1.0,103521,1.0,0.0,0.0,1.0,0.0,1.0
366,27,0.0,118499,1.0,1.0,0.0,1.0,0.0,1.0
367,22,1.0,119684,1.0,2.0,1.0,0.0,1.0,0.0
368,42,1.0,126586,1.0,1.0,0.0,1.0,0.0,1.0
369,40,2.0,136812,1.0,2.0,1.0,0.0,1.0,0.0
370,36,1.0,118277,1.0,1.0,0.0,1.0,0.0,1.0
371,33,1.0,144597,1.0,1.0,0.0,1.0,0.0,1.0
372,23,1.0,106043,1.0,0.0,1.0,0.0,1.0,0.0
373,63,2.0,272314,2.0,2.0,0.0,1.0,0.0,1.0
374,60,2.0,309364,2.0,2.0,1.0,0.0,1.0,0.0
375,37,1.0,170386,1.0,1.0,1.0,0.0,1.0,0.0
376,34,1.0,112458,1.0,0.0,0.0,1.0,1.0,0.0
377,36,1.0,96840,1.0,1.0,0.0,1.0,0.0,1.0
378,57,2.0,281923,2.0,1.0,0.0,1.0,0.0,1.0
379,52,2.0,95551,0.0,0.0,1.0,0.0,1.0,0.0
380,39,1.0,112347,1.0,2.0,0.0,1.0,0.0,1.0
381,38,1.0,260977,2.0,2.0,1.0,0.0,1.0,0.0
382,25,1.0,99354,1.0,0.0,1.0,0.0,1.0,0.0
383,26,0.0,111509,1.0,2.0,0.0,1.0,0.0,1.0
384,26,0.0,105252,0.0,0.0,0.0,1.0,0.0,1.0
385,25,1.0,108522,1.0,0.0,1.0,0.0,1.0,0.0
386,21,1.0,94655,1.0,1.0,1.0,0.0,1.0,0.0
387,40,1.0,201699,2.0,1.0,0.0,1.0,0.0,1.0
388,27,0.0,139868,1.0,2.0,0.0,1.0,0.0,1.0
389,27,1.0,102543,1.0,1.0,1.0,0.0,1.0,0.0
390,30,1.0,134467,2.0,2.0,0.0,1.0,1.0,0.0
391,19,1.0,111187,0.0,0.0,1.0,0.0,1.0,0.0
392,39,1.0,152302,2.0,1.0,0.0,1.0,0.0,1.0
393,31,1.0,110610,1.0,2.0,1.0,0.0,1.0,0.0
394,31,0.0,137827,2.0,2.0,0.0,1.0,0.0,1.0
395,32,0.0,220923,1.0,2.0,0.0,1.0,0.0,1.0
396,55,2.0,165717,2.0,2.0,1.0,0.0,1.0,0.0
397,46,2.0,122299,1.0,0.0,0.0,1.0,1.0,0.0
398,46,2.0,120499,1.0,0.0,0.0,1.0,1.0,0.0
399,43,2.0,126449,0.0,0.0,1.0,0.0,1.0,0.0
400,39,1.0,108315,1.0,2.0,0.0,1.0,1.0,0.0
401,28,1.0,112515,1.0,1.0,0.0,1.0,1.0,0.0
402,27,0.0,164559,1.0,1.0,0.0,1.0,0.0,1.0
403,27,0.0,59238,0.0,0.0,0.0,1.0,0.0,1.0
404,43,1.0,131133,1.0,0.0,0.0,1.0,0.0,1.0
405,22,1.0,109188,1.0,0.0,0.0,1.0,1.0,0.0
406,43,1.0,115393,1.0,1.0,0.0,1.0,0.0,1.0
407,27,1.0,94711,1.0,2.0,0.0,1.0,1.0,0.0
408,26,1.0,171860,2.0,0.0,0.0,1.0,1.0,0.0
409,28,1.0,139414,1.0,2.0,0.0,1.0,1.0,0.0
410,20,1.0,110931,1.0,1.0,1.0,0.0,1.0,0.0
411,35,1.0,187549,2.0,2.0,0.0,1.0,0.0,1.0
412,42,1.0,145508,2.0,0.0,0.0,1.0,0.0,1.0
413,40,1.0,104240,0.0,0.0,0.0,1.0,0.0,1.0
414,35,1.0,108272,1.0,1.0,1.0,0.0,1.0,0.0
415,35,1.0,144004,1.0,2.0,0.0,1.0,0.0,1.0
416,33,1.0,81083,0.0,0.0,0.0,1.0,0.0,1.0
417,23,1.0,166763,1.0,1.0,1.0,0.0,1.0,0.0
418,31,1.0,175530,2.0,1.0,1.0,0.0,1.0,0.0
419,33,1.0,112422,1.0,1.0,1.0,0.0,1.0,0.0
420,20,1.0,154134,1.0,2.0,1.0,0.0,1.0,0.0
421,30,0.0,112401,1.0,1.0,0.0,1.0,0.0,1.0
422,47,1.0,85690,0.0,0.0,0.0,1.0,0.0,1.0
423,34,1.0,145896,2.0,2.0,0.0,1.0,0.0,1.0
424,25,1.0,122552,1.0,2.0,1.0,0.0,1.0,0.0
425,21,1.0,115494,1.0,2.0,0.0,1.0,1.0,0.0
426,29,0.0,109467,1.0,0.0,0.0,1.0,0.0,1.0
427,46,1.0,148226,1.0,2.0,0.0,1.0,0.0,1.0
428,20,0.0,88559,1.0,1.0,0.0,1.0,0.0,1.0
429,55,2.0,62393,0.0,0.0,1.0,0.0,1.0,0.0
430,74,2.0,122133,0.0,0.0,0.0,1.0,0.0,1.0
431,29,0.0,230883,2.0,2.0,0.0,1.0,0.0,1.0
432,36,1.0,136689,2.0,2.0,0.0,1.0,0.0,1.0
433,33,1.0,109145,1.0,0.0,0.0,1.0,1.0,0.0
434,25,0.0,100449,1.0,2.0,0.0,1.0,0.0,1.0
435,25,1.0,106253,1.0,0.0,0.0,1.0,1.0,0.0
436,23,1.0,84747,0.0,0.0,0.0,1.0,1.0,0.0
437,37,1.0,149465,1.0,1.0,1.0,0.0,1.0,0.0
438,65,2.0,84435,0.0,0.0,0.0,1.0,0.0,1.0
439,26,1.0,51681,0.0,0.0,1.0,0.0,1.0,0.0
440,39,1.0,139198,2.0,1.0,0.0,1.0,0.0,1.0
441,30,1.0,106577,1.0,1.0,1.0,0.0,1.0,0.0
442,29,0.0,117372,1.0,2.0,0.0,1.0,0.0,1.0
443,41,1.0,69609,0.0,0.0,0.0,1.0,0.0,1.0
444,30,1.0,178947,2.0,2.0,1.0,0.0,1.0,0.0
445,41,2.0,81743,0.0,0.0,1.0,0.0,1.0,0.0
446,34,1.0,111900,1.0,1.0,1.0,0.0,1.0,0.0
447,35,1.0,121650,1.0,0.0,0.0,1.0,0.0,1.0
448,55,2.0,172639,2.0,2.0,1.0,0.0,1.0,0.0
449,61,2.0,175740,1.0,1.0,0.0,1.0,1.0,0.0
450,30,0.0,220050,2.0,2.0,0.0,1.0,0.0,1.0
451,29,1.0,95200,1.0,1.0,1.0,0.0,1.0,0.0
452,34,1.0,113609,1.0,1.0,0.0,1.0,0.0,1.0
453,35,1.0,143552,2.0,2.0,0.0,1.0,0.0,1.0
454,31,0.0,130973,1.0,2.0,0.0,1.0,0.0,1.0
455,29,1.0,145946,2.0,2.0,1.0,0.0,1.0,0.0
456,36,1.0,126206,1.0,1.0,0.0,1.0,0.0,1.0
457,35,1.0,120426,1.0,0.0,0.0,1.0,0.0,1.0
458,27,1.0,91925,1.0,2.0,1.0,0.0,1.0,0.0
459,32,0.0,129630,1.0,2.0,0.0,1.0,0.0,1.0
460,37,1.0,124268,1.0,2.0,0.0,1.0,0.0,1.0
461,36,1.0,105240,1.0,1.0,0.0,1.0,0.0,1.0
462,34,1.0,162180,2.0,0.0,1.0,0.0,1.0,0.0
463,38,1.0,106552,1.0,2.0,0.0,1.0,0.0,1.0
464,34,1.0,105843,1.0,2.0,0.0,1.0,0.0,1.0
465,63,2.0,138327,1.0,1.0,0.0,1.0,0.0,1.0
466,29,1.0,76154,0.0,0.0,1.0,0.0,1.0,0.0
467,32,0.0,155012,1.0,1.0,0.0,1.0,0.0,1.0
468,26,1.0,114369,1.0,1.0,1.0,0.0,1.0,0.0
469,35,1.0,102839,0.0,0.0,0.0,1.0,0.0,1.0
470,22,1.0,132796,1.0,0.0,0.0,1.0,1.0,0.0
471,23,1.0,89742,1.0,2.0,1.0,0.0,1.0,0.0
472,28,0.0,58615,0.0,0.0,0.0,1.0,0.0,1.0
473,36,1.0,130603,2.0,2.0,0.0,1.0,0.0,1.0
474,33,1.0,110340,1.0,0.0,0.0,1.0,1.0,0.0
475,26,1.0,117729,1.0,2.0,1.0,0.0,1.0,0.0
476,24,0.0,130808,1.0,0.0,0.0,1.0,0.0,1.0
477,25,0.0,147402,1.0,2.0,0.0,1.0,0.0,1.0
478,39,1.0,93567,0.0,0.0,0.0,1.0,0.0,1.0
479,44,1.0,109289,1.0,1.0,0.0,1.0,0.0,1.0
480,23,1.0,98742,0.0,0.0,1.0,0.0,1.0,0.0
481,26,0.0,101270,1.0,0.0,0.0,1.0,0.0,1.0
482,57,2.0,187835,1.0,1.0,1.0,0.0,1.0,0.0
483,30,1.0,140741,1.0,0.0,1.0,0.0,1.0,0.0
484,44,1.0,133265,1.0,2.0,0.0,1.0,0.0,1.0
485,47,1.0,148100,2.0,2.0,0.0,1.0,0.0,1.0
486,52,1.0,131021,1.0,2.0,0.0,1.0,0.0,1.0
487,62,2.0,152620,1.0,2.0,1.0,0.0,1.0,0.0
488,35,1.0,85033,0.0,0.0,0.0,1.0,0.0,1.0
489,26,0.0,114514,1.0,1.0,0.0,1.0,0.0,1.0
490,26,0.0,99307,1.0,1.0,0.0,1.0,0.0,1.0
491,42,2.0,219451,2.0,2.0,1.0,0.0,1.0,0.0
492,27,1.0,114007,1.0,0.0,1.0,0.0,1.0,0.0
493,38,1.0,102846,1.0,0.0,0.0,1.0,0.0,1.0
494,39,1.0,81483,0.0,0.0,0.0,1.0,0.0,1.0
495,20,1.0,107779,1.0,2.0,0.0,1.0,1.0,0.0
496,29,0.0,222360,2.0,2.0,0.0,1.0,0.0,1.0
497,40,1.0,107125,1.0,0.0,0.0,1.0,0.0,1.0
498,32,1.0,80080,0.0,0.0,0.0,1.0,1.0,0.0
499,28,1.0,129600,1.0,0.0,0.0,1.0,1.0,0.0
500,27,1.0,118613,1.0,1.0,1.0,0.0,1.0,0.0
501,42,1.0,146237,1.0,1.0,0.0,1.0,0.0,1.0
502,49,2.0,144461,1.0,2.0,0.0,1.0,1.0,0.0
503,38,1.0,124487,1.0,0.0,0.0,1.0,0.0,1.0
504,24,1.0,97826,1.0,0.0,1.0,0.0,1.0,0.0
505,27,0.0,64105,0.0,0.0,0.0,1.0,0.0,1.0
506,36,1.0,156374,1.0,2.0,0.0,1.0,0.0,1.0
507,34,1.0,205383,2.0,2.0,0.0,1.0,0.0,1.0
508,28,1.0,98964,1.0,2.0,0.0,1.0,1.0,0.0
509,45,1.0,221842,2.0,2.0,0.0,1.0,0.0,1.0
510,26,0.0,88027,1.0,2.0,0.0,1.0,0.0,1.0
511,32,0.0,160513,2.0,2.0,0.0,1.0,0.0,1.0
512,26,0.0,124536,1.0,2.0,0.0,1.0,0.0,1.0
513,20,1.0,93634,1.0,0.0,0.0,1.0,1.0,0.0
514,54,1.0,124725,1.0,0.0,0.0,1.0,0.0,1.0
515,37,1.0,102456,1.0,0.0,1.0,0.0,1.0,0.0
516,40,1.0,74975,0.0,0.0,0.0,1.0,0.0,1.0
517,23,1.0,153861,1.0,1.0,1.0,0.0,1.0,0.0
518,43,1.0,119351,1.0,2.0,0.0,1.0,0.0,1.0
519,36,1.0,95438,1.0,2.0,0.0,1.0,0.0,1.0
520,44,1.0,147967,1.0,2.0,0.0,1.0,0.0,1.0
521,24,1.0,116863,1.0,1.0,1.0,0.0,1.0,0.0
522,53,1.0,170622,1.0,1.0,0.0,1.0,0.0,1.0
523,23,1.0,132426,1.0,1.0,1.0,0.0,1.0,0.0
524,26,1.0,77519,0.0,0.0,1.0,0.0,1.0,0.0
525,30,0.0,169405,1.0,2.0,0.0,1.0,0.0,1.0
526,31,1.0,120030,1.0,0.0,1.0,0.0,1.0,0.0
527,42,1.0,77933,0.0,0.0,0.0,1.0,0.0,1.0
528,31,1.0,109892,1.0,1.0,0.0,1.0,1.0,0.0
529,41,1.0,69062,0.0,0.0,0.0,1.0,0.0,1.0
530,32,0.0,116348,1.0,0.0,0.0,1.0,0.0,1.0
531,28,1.0,137188,1.0,1.0,1.0,0.0,1.0,0.0
532,41,1.0,110199,1.0,0.0,0.0,1.0,1.0,0.0
533,26,1.0,109890,1.0,1.0,0.0,1.0,1.0,0.0
534,25,0.0,109751,1.0,2.0,0.0,1.0,0.0,1.0
535,33,1.0,129651,1.0,1.0,0.0,1.0,1.0,0.0
536,75,3.0,170113,2.0,1.0,1.0,0.0,1.0,0.0
537,37,1.0,140285,1.0,1.0,1.0,0.0,1.0,0.0
538,42,1.0,198029,2.0,2.0,0.0,1.0,0.0,1.0
539,45,2.0,120262,0.0,0.0,1.0,0.0,1.0,0.0
540,23,1.0,105137,1.0,1.0,0.0,1.0,1.0,0.0
541,60,2.0,127371,1.0,0.0,0.0,1.0,0.0,1.0
542,31,0.0,145689,1.0,0.0,0.0,1.0,0.0,1.0
543,34,1.0,102617,0.0,1.0,0.0,1.0,0.0,1.0
544,61,2.0,90709,0.0,0.0,0.0,1.0,0.0,1.0
545,43,1.0,107099,1.0,1.0,0.0,1.0,0.0,1.0
546,37,1.0,116021,1.0,2.0,1.0,0.0,1.0,0.0
547,32,0.0,100426,1.0,2.0,0.0,1.0,0.0,1.0
548,24,1.0,62249,0.0,0.0,1.0,0.0,1.0,0.0
549,35,1.0,172957,1.0,1.0,0.0,1.0,0.0,1.0
550,23,1.0,95003,1.0,1.0,1.0,0.0,1.0,0.0
551,45,1.0,109698,0.0,0.0,0.0,1.0,0.0,1.0
552,34,1.0,157376,1.0,0.0,0.0,1.0,1.0,0.0
553,27,0.0,123191,1.0,2.0,0.0,1.0,0.0,1.0
554,67,3.0,171052,2.0,0.0,1.0,0.0,1.0,0.0
555,22,0.0,99328,1.0,0.0,0.0,1.0,0.0,1.0
556,28,1.0,133799,1.0,2.0,1.0,0.0,1.0,0.0
557,29,1.0,138256,1.0,2.0,1.0,0.0,1.0,0.0
558,27,0.0,115638,1.0,0.0,0.0,1.0,0.0,1.0
559,31,0.0,82238,0.0,0.0,0.0,1.0,0.0,1.0
560,49,1.0,127543,1.0,1.0,0.0,1.0,0.0,1.0
561,24,0.0,63987,0.0,0.0,0.0,1.0,0.0,1.0
562,29,1.0,114784,1.0,0.0,1.0,0.0,1.0,0.0
563,37,1.0,217450,1.0,1.0,0.0,1.0,0.0,1.0
564,37,1.0,173751,2.0,2.0,0.0,1.0,0.0,1.0
565,23,1.0,122850,1.0,0.0,1.0,0.0,1.0,0.0
566,36,1.0,104953,1.0,0.0,0.0,1.0,1.0,0.0
567,34,1.0,152371,1.0,1.0,0.0,1.0,0.0,1.0
568,41,1.0,139905,1.0,0.0,0.0,1.0,0.0,1.0
569,31,1.0,156700,1.0,1.0,1.0,0.0,1.0,0.0
570,23,1.0,86488,0.0,0.0,1.0,0.0,1.0,0.0
571,38,1.0,147472,1.0,0.0,0.0,1.0,0.0,1.0
572,26,1.0,169991,2.0,0.0,1.0,0.0,1.0,0.0
573,22,1.0,62381,0.0,0.0,1.0,0.0,1.0,0.0
574,27,0.0,70926,0.0,0.0,0.0,1.0,0.0,1.0
575,24,1.0,113004,1.0,1.0,1.0,0.0,1.0,0.0
576,27,1.0,125760,1.0,0.0,1.0,0.0,1.0,0.0
577,33,1.0,111918,1.0,2.0,1.0,0.0,1.0,0.0
578,27,1.0,120674,1.0,1.0,0.0,1.0,1.0,0.0
579,27,1.0,63597,0.0,0.0,0.0,1.0,1.0,0.0
580,30,0.0,103069,1.0,1.0,0.0,1.0,0.0,1.0
581,49,1.0,108079,0.0,0.0,0.0,1.0,0.0,1.0
582,26,1.0,101159,1.0,1.0,1.0,0.0,1.0,0.0
583,33,1.0,88211,0.0,0.0,0.0,1.0,0.0,1.0
584,52,2.0,159052,2.0,1.0,1.0,0.0,1.0,0.0
585,20,1.0,102623,1.0,2.0,1.0,0.0,1.0,0.0
586,36,1.0,115589,1.0,0.0,0.0,1.0,0.0,1.0
587,21,0.0,59127,0.0,0.0,0.0,1.0,0.0,1.0
588,47,2.0,82240,0.0,0.0,0.0,1.0,1.0,0.0
589,60,2.0,129425,1.0,1.0,0.0,1.0,0.0,1.0
590,58,2.0,87058,0.0,0.0,1.0,0.0,1.0,0.0
591,42,2.0,128462,1.0,2.0,1.0,0.0,1.0,0.0
592,36,1.0,121403,0.0,0.0,1.0,0.0,1.0,0.0
593,20,1.0,88141,0.0,0.0,1.0,0.0,1.0,0.0
594,40,1.0,134946,2.0,2.0,0.0,1.0,0.0,1.0
595,32,1.0,94058,0.0,0.0,1.0,0.0,1.0,0.0
596,23,1.0,99285,1.0,1.0,1.0,0.0,1.0,0.0
597,36,1.0,108432,0.0,0.0,0.0,1.0,0.0,1.0
598,31,0.0,111369,1.0,0.0,0.0,1.0,0.0,1.0
599,32,0.0,122612,1.0,2.0,0.0,1.0,0.0,1.0
600,45,2.0,134350,1.0,0.0,1.0,0.0,1.0,0.0
601,30,1.0,108838,1.0,2.0,1.0,0.0,1.0,0.0
602,34,1.0,90852,0.0,0.0,1.0,0.0,1.0,0.0
603,28,1.0,151580,2.0,2.0,1.0,0.0,1.0,0.0
604,23,1.0,115681,1.0,1.0,1.0,0.0,1.0,0.0
605,22,0.0,131699,1.0,1.0,0.0,1.0,0.0,1.0
606,74,2.0,192481,2.0,1.0,0.0,1.0,0.0,1.0
607,50,2.0,155122,1.0,2.0,1.0,0.0,1.0,0.0
608,33,1.0,106015,1.0,2.0,0.0,1.0,0.0,1.0
609,45,1.0,108378,1.0,0.0,0.0,1.0,0.0,1.0
610,22,1.0,105257,1.0,1.0,1.0,0.0,1.0,0.0
611,48,2.0,118788,0.0,0.0,1.0,0.0,1.0,0.0
612,29,1.0,162955,1.0,2.0,1.0,0.0,1.0,0.0
613,22,1.0,119511,1.0,2.0,1.0,0.0,1.0,0.0
614,22,1.0,102000,1.0,0.0,1.0,0.0,1.0,0.0
615,48,1.0,254449,2.0,1.0,0.0,1.0,0.0,1.0
616,27,0.0,208446,2.0,2.0,0.0,1.0,0.0,1.0
617,37,1.0,124805,1.0,0.0,0.0,1.0,0.0,1.0
618,21,1.0,139379,1.0,0.0,1.0,0.0,1.0,0.0
619,49,2.0,78296,0.0,0.0,0.0,1.0,1.0,0.0
620,27,0.0,125598,1.0,1.0,0.0,1.0,0.0,1.0
621,32,0.0,100215,1.0,2.0,0.0,1.0,0.0,1.0
622,38,1.0,130951,1.0,2.0,0.0,1.0,1.0,0.0
623,22,1.0,102480,1.0,2.0,1.0,0.0,1.0,0.0
624,65,2.0,136812,1.0,1.0,0.0,1.0,0.0,1.0
625,35,1.0,106919,1.0,1.0,0.0,1.0,0.0,1.0
626,41,1.0,131020,1.0,2.0,0.0,1.0,0.0,1.0
627,29,0.0,119429,1.0,1.0,0.0,1.0,0.0,1.0
628,36,1.0,154521,1.0,1.0,0.0,1.0,0.0,1.0
629,64,2.0,117842,0.0,0.0,0.0,1.0,0.0,1.0
630,28,1.0,124566,1.0,2.0,1.0,0.0,1.0,0.0
631,44,1.0,110009,1.0,2.0,0.0,1.0,0.0,1.0
632,23,0.0,101210,1.0,1.0,0.0,1.0,0.0,1.0
633,19,1.0,101258,1.0,0.0,1.0,0.0,1.0,0.0
634,25,1.0,79045,0.0,0.0,1.0,0.0,1.0,0.0
635,47,1.0,110866,1.0,0.0,0.0,1.0,0.0,1.0
636,28,1.0,129640,1.0,2.0,1.0,0.0,1.0,0.0
637,21,0.0,227021,1.0,1.0,0.0,1.0,0.0,1.0
638,34,1.0,108549,1.0,1.0,1.0,0.0,1.0,0.0
639,26,0.0,122693,1.0,0.0,0.0,1.0,0.0,1.0
640,27,1.0,35832,0.0,0.0,1.0,0.0,1.0,0.0
641,38,1.0,81870,0.0,0.0,0.0,1.0,0.0,1.0
642,40,1.0,179790,2.0,2.0,0.0,1.0,0.0,1.0
643,33,1.0,107158,1.0,1.0,0.0,1.0,1.0,0.0
644,32,1.0,136638,2.0,1.0,0.0,1.0,1.0,0.0
645,27,0.0,158147,1.0,2.0,0.0,1.0,0.0,1.0
646,32,1.0,132587,1.0,2.0,0.0,1.0,1.0,0.0
647,26,1.0,128140,1.0,2.0,1.0,0.0,1.0,0.0
648,38,1.0,117405,1.0,1.0,0.0,1.0,0.0,1.0
649,40,1.0,68475,0.0,0.0,0.0,1.0,0.0,1.0
650,50,1.0,201656,2.0,2.0,0.0,1.0,0.0,1.0
651,37,1.0,86967,0.0,0.0,0.0,1.0,0.0,1.0
652,45,1.0,118006,1.0,1.0,0.0,1.0,0.0,1.0
653,42,1.0,223630,2.0,2.0,0.0,1.0,0.0,1.0
654,35,1.0,110442,1.0,0.0,0.0,1.0,0.0,1.0
655,22,0.0,115691,1.0,2.0,0.0,1.0,0.0,1.0
656,41,1.0,80232,0.0,0.0,0.0,1.0,0.0,1.0
657,37,1.0,187647,1.0,1.0,0.0,1.0,0.0,1.0
658,28,1.0,138952,1.0,1.0,1.0,0.0,1.0,0.0
659,41,1.0,162772,1.0,2.0,0.0,1.0,0.0,1.0
660,23,1.0,111862,1.0,1.0,0.0,1.0,1.0,0.0
661,23,1.0,90051,1.0,1.0,0.0,1.0,1.0,0.0
662,50,1.0,121400,1.0,1.0,0.0,1.0,0.0,1.0
663,35,1.0,137000,2.0,2.0,0.0,1.0,0.0,1.0
664,50,2.0,105031,0.0,0.0,1.0,0.0,1.0,0.0
665,27,0.0,172153,2.0,2.0,0.0,1.0,0.0,1.0
666,34,1.0,170184,1.0,1.0,0.0,1.0,0.0,1.0
667,27,1.0,123279,1.0,1.0,1.0,0.0,1.0,0.0
668,43,1.0,140795,1.0,0.0,0.0,1.0,0.0,1.0
669,47,1.0,144456,1.0,0.0,0.0,1.0,0.0,1.0
670,27,0.0,104773,0.0,0.0,0.0,1.0,0.0,1.0
671,31,0.0,153353,1.0,1.0,0.0,1.0,0.0,1.0
672,42,1.0,223018,2.0,1.0,0.0,1.0,0.0,1.0
673,24,1.0,129177,1.0,2.0,0.0,1.0,1.0,0.0
674,41,1.0,114475,0.0,1.0,0.0,1.0,0.0,1.0
675,26,1.0,161323,2.0,1.0,1.0,0.0,1.0,0.0
676,33,1.0,135765,1.0,2.0,0.0,1.0,0.0,1.0
677,24,1.0,158421,1.0,0.0,0.0,1.0,1.0,0.0
678,64,2.0,103941,0.0,0.0,0.0,1.0,0.0,1.0
679,26,1.0,101783,1.0,2.0,1.0,0.0,1.0,0.0
680,56,2.0,126531,1.0,1.0,1.0,0.0,1.0,0.0
681,37,1.0,111394,1.0,1.0,0.0,1.0,0.0,1.0
682,33,1.0,103577,1.0,2.0,0.0,1.0,1.0,0.0
683,47,2.0,149545,1.0,1.0,0.0,1.0,1.0,0.0
684,31,0.0,171857,0.0,0.0,0.0,1.0,0.0,1.0
685,34,1.0,149782,1.0,1.0,0.0,1.0,0.0,1.0
686,27,0.0,112470,1.0,1.0,0.0,1.0,0.0,1.0
687,30,0.0,133907,1.0,2.0,0.0,1.0,0.0,1.0
688,35,1.0,127849,1.0,1.0,0.0,1.0,0.0,1.0
689,31,0.0,160279,1.0,2.0,0.0,1.0,0.0,1.0
690,25,1.0,92366,1.0,2.0,0.0,1.0,1.0,0.0
691,25,1.0,104794,0.0,0.0,1.0,0.0,1.0,0.0
692,29,0.0,133436,1.0,1.0,0.0,1.0,0.0,1.0
693,44,1.0,110374,0.0,0.0,0.0,1.0,0.0,1.0
694,28,0.0,104263,1.0,1.0,0.0,1.0,0.0,1.0
695,50,1.0,138752,1.0,0.0,0.0,1.0,0.0,1.0
696,29,0.0,102723,1.0,0.0,0.0,1.0,0.0,1.0
697,38,1.0,46297,0.0,0.0,1.0,0.0,1.0,0.0
698,24,0.0,96425,1.0,1.0,0.0,1.0,0.0,1.0
699,40,1.0,158197,2.0,1.0,0.0,1.0,0.0,1.0
700,29,1.0,98008,0.0,0.0,1.0,0.0,1.0,0.0
701,46,1.0,157473,1.0,0.0,0.0,1.0,0.0,1.0
702,47,2.0,149306,1.0,0.0,1.0,0.0,1.0,0.0
703,41,1.0,139236,1.0,1.0,0.0,1.0,0.0,1.0
704,32,1.0,125890,1.0,2.0,1.0,0.0,1.0,0.0
705,35,1.0,173124,1.0,1.0,1.0,0.0,1.0,0.0
706,24,0.0,164621,1.0,1.0,0.0,1.0,0.0,1.0
707,25,1.0,124539,1.0,1.0,1.0,0.0,1.0,0.0
708,25,1.0,107614,1.0,1.0,1.0,0.0,1.0,0.0
709,37,1.0,88849,0.0,0.0,0.0,1.0,0.0,1.0
710,32,0.0,148566,2.0,2.0,0.0,1.0,0.0,1.0
711,35,1.0,106515,1.0,2.0,1.0,0.0,1.0,0.0
712,46,1.0,150465,2.0,1.0,0.0,1.0,0.0,1.0
713,25,0.0,60868,0.0,0.0,0.0,1.0,0.0,1.0
714,27,0.0,255198,2.0,2.0,0.0,1.0,0.0,1.0
715,63,2.0,183178,1.0,1.0,0.0,1.0,0.0,1.0
716,40,1.0,121448,1.0,2.0,0.0,1.0,0.0,1.0
717,32,0.0,129975,2.0,2.0,0.0,1.0,0.0,1.0
718,31,0.0,132950,1.0,2.0,0.0,1.0,0.0,1.0
719,31,1.0,169314,1.0,1.0,0.0,1.0,1.0,0.0
720,34,1.0,147958,2.0,1.0,0.0,1.0,0.0,1.0
721,24,1.0,139896,1.0,2.0,1.0,0.0,1.0,0.0
722,24,1.0,68028,0.0,0.0,1.0,0.0,1.0,0.0
723,66,3.0,133328,0.0,0.0,1.0,0.0,1.0,0.0
724,21,1.0,108518,1.0,2.0,1.0,0.0,1.0,0.0
725,41,2.0,112700,0.0,0.0,1.0,0.0,1.0,0.0
726,47,2.0,110190,0.0,0.0,0.0,1.0,1.0,0.0
727,25,1.0,105104,1.0,1.0,1.0,0.0,1.0,0.0
728,59,2.0,184753,1.0,1.0,1.0,0.0,1.0,0.0
729,36,1.0,162521,1.0,2.0,0.0,1.0,1.0,0.0
730,33,1.0,156794,1.0,1.0,0.0,1.0,0.0,1.0
731,21,0.0,65827,0.0,0.0,0.0,1.0,0.0,1.0
732,44,2.0,88490,0.0,0.0,1.0,0.0,1.0,0.0
733,28,1.0,154919,1.0,2.0,1.0,0.0,1.0,0.0
734,37,1.0,129058,1.0,0.0,1.0,0.0,1.0,0.0
735,29,1.0,77532,0.0,0.0,1.0,0.0,1.0,0.0
736,23,1.0,235417,2.0,2.0,1.0,0.0,1.0,0.0
737,35,1.0,113468,0.0,0.0,0.0,1.0,0.0,1.0
738,45,1.0,190803,2.0,2.0,0.0,1.0,0.0,1.0
739,26,1.0,121423,0.0,0.0,1.0,0.0,1.0,0.0
740,32,0.0,121347,1.0,1.0,0.0,1.0,0.0,1.0
741,23,0.0,67408,0.0,0.0,0.0,1.0,0.0,1.0
742,41,1.0,123043,1.0,1.0,0.0,1.0,0.0,1.0
743,22,0.0,128387,1.0,2.0,0.0,1.0,0.0,1.0
744,30,0.0,250050,2.0,1.0,0.0,1.0,0.0,1.0
745,28,0.0,69588,0.0,0.0,0.0,1.0,0.0,1.0
746,23,1.0,109547,1.0,1.0,1.0,0.0,1.0,0.0
747,37,1.0,78840,0.0,0.0,1.0,0.0,1.0,0.0
748,26,0.0,131122,1.0,0.0,0.0,1.0,0.0,1.0
749,33,1.0,115403,1.0,1.0,0.0,1.0,0.0,1.0
750,49,2.0,110291,1.0,2.0,1.0,0.0,1.0,0.0
751,23,1.0,64811,0.0,0.0,1.0,0.0,1.0,0.0
752,23,1.0,86015,0.0,0.0,1.0,0.0,1.0,0.0
753,25,1.0,142438,1.0,2.0,1.0,0.0,1.0,0.0
754,55,1.0,159303,1.0,1.0,0.0,1.0,0.0,1.0
755,32,1.0,104957,1.0,1.0,1.0,0.0,1.0,0.0
756,74,2.0,89502,0.0,0.0,0.0,1.0,0.0,1.0
757,39,1.0,121313,1.0,1.0,0.0,1.0,0.0,1.0
758,31,0.0,98102,1.0,0.0,0.0,1.0,0.0,1.0
759,35,1.0,94554,1.0,1.0,0.0,1.0,0.0,1.0
760,59,2.0,162591,1.0,1.0,1.0,0.0,1.0,0.0
761,24,1.0,106629,1.0,2.0,1.0,0.0,1.0,0.0
762,24,0.0,70400,0.0,0.0,0.0,1.0,0.0,1.0
763,30,0.0,235660,2.0,2.0,0.0,1.0,0.0,1.0
764,27,1.0,121747,1.0,2.0,0.0,1.0,1.0,0.0
765,40,1.0,85060,0.0,0.0,0.0,1.0,1.0,0.0
766,31,1.0,87630,0.0,0.0,0.0,1.0,1.0,0.0
767,31,1.0,119673,1.0,0.0,1.0,0.0,1.0,0.0
768,28,0.0,126060,1.0,2.0,0.0,1.0,0.0,1.0
769,63,2.0,96145,0.0,0.0,0.0,1.0,0.0,1.0
770,26,1.0,114830,1.0,0.0,1.0,0.0,1.0,0.0
771,25,1.0,194461,2.0,2.0,1.0,0.0,1.0,0.0
772,36,1.0,150158,2.0,2.0,0.0,1.0,0.0,1.0
773,52,1.0,136323,1.0,2.0,0.0,1.0,0.0,1.0
774,66,2.0,111858,0.0,0.0,0.0,1.0,0.0,1.0
775,25,1.0,100198,1.0,0.0,1.0,0.0,1.0,0.0
776,37,1.0,123452,1.0,2.0,0.0,1.0,0.0,1.0
777,25,1.0,120723,1.0,1.0,1.0,0.0,1.0,0.0
778,38,1.0,215639,2.0,1.0,0.0,1.0,0.0,1.0
779,67,3.0,166712,1.0,1.0,1.0,0.0,1.0,0.0
780,25,0.0,136300,1.0,1.0,0.0,1.0,0.0,1.0
781,60,2.0,166988,1.0,2.0,0.0,1.0,0.0,1.0
782,31,0.0,77265,0.0,0.0,0.0,1.0,0.0,1.0
783,23,1.0,85967,0.0,0.0,1.0,0.0,1.0,0.0
784,60,2.0,212020,2.0,0.0,0.0,1.0,1.0,0.0
785,35,1.0,126054,0.0,0.0,0.0,1.0,0.0,1.0
786,40,1.0,144589,1.0,0.0,0.0,1.0,0.0,1.0
787,38,1.0,116723,1.0,1.0,0.0,1.0,0.0,1.0
788,50,1.0,168637,1.0,1.0,0.0,1.0,0.0,1.0
789,27,0.0,139119,1.0,1.0,0.0,1.0,0.0,1.0
790,39,2.0,118610,1.0,2.0,1.0,0.0,1.0,0.0
791,41,1.0,183312,2.0,2.0,0.0,1.0,0.0,1.0
792,27,1.0,96323,1.0,0.0,0.0,1.0,1.0,0.0
793,51,2.0,149510,1.0,2.0,0.0,1.0,1.0,0.0
794,32,0.0,141922,1.0,2.0,0.0,1.0,0.0,1.0
795,22,1.0,120233,1.0,0.0,1.0,0.0,1.0,0.0
796,51,1.0,172790,1.0,1.0,0.0,1.0,0.0,1.0
797,22,1.0,66720,0.0,0.0,1.0,0.0,1.0,0.0
798,54,2.0,113024,1.0,1.0,0.0,1.0,1.0,0.0
799,35,1.0,51791,0.0,0.0,0.0,1.0,0.0,1.0
800,54,1.0,118408,1.0,2.0,0.0,1.0,0.0,1.0
801,48,2.0,101616,0.0,0.0,1.0,0.0,1.0,0.0
802,24,1.0,127250,1.0,0.0,1.0,0.0,1.0,0.0
803,35,1.0,97290,1.0,0.0,0.0,1.0,0.0,1.0
804,24,1.0,106970,0.0,0.0,1.0,0.0,1.0,0.0
805,24,0.0,168147,1.0,2.0,0.0,1.0,0.0,1.0
806,26,1.0,68468,0.0,0.0,0.0,1.0,1.0,0.0
807,65,2.0,120780,1.0,2.0,0.0,1.0,0.0,1.0
808,55,1.0,231992,2.0,2.0,0.0,1.0,0.0,1.0
809,26,1.0,53903,0.0,0.0,1.0,0.0,1.0,0.0
810,26,1.0,101511,1.0,2.0,0.0,1.0,1.0,0.0
811,28,1.0,69046,0.0,0.0,0.0,1.0,1.0,0.0
812,24,0.0,171584,1.0,1.0,0.0,1.0,0.0,1.0
813,54,1.0,132367,1.0,2.0,0.0,1.0,0.0,1.0
814,46,1.0,134433,1.0,2.0,0.0,1.0,0.0,1.0
815,54,2.0,190518,1.0,0.0,1.0,0.0,1.0,0.0
816,62,2.0,152367,1.0,1.0,0.0,1.0,1.0,0.0
817,24,1.0,101157,1.0,1.0,1.0,0.0,1.0,0.0
818,43,2.0,279593,2.0,2.0,0.0,1.0,1.0,0.0
819,26,1.0,96716,1.0,2.0,0.0,1.0,1.0,0.0
820,27,1.0,95171,1.0,0.0,0.0,1.0,1.0,0.0
821,24,1.0,129162,1.0,2.0,0.0,1.0,1.0,0.0
822,41,1.0,118742,1.0,0.0,0.0,1.0,0.0,1.0
823,47,1.0,74511,0.0,0.0,0.0,1.0,0.0,1.0
824,35,1.0,157272,2.0,1.0,0.0,1.0,1.0,0.0
825,30,1.0,102374,1.0,0.0,0.0,1.0,1.0,0.0
826,33,1.0,131492,1.0,0.0,1.0,0.0,1.0,0.0
827,36,1.0,128702,1.0,2.0,0.0,1.0,0.0,1.0
828,47,1.0,177509,1.0,2.0,0.0,1.0,0.0,1.0
829,38,1.0,163451,1.0,1.0,0.0,1.0,0.0,1.0
830,44,1.0,144900,1.0,1.0,0.0,1.0,0.0,1.0
831,23,1.0,97115,1.0,2.0,1.0,0.0,1.0,0.0
832,29,0.0,196568,1.0,2.0,0.0,1.0,0.0,1.0
833,42,2.0,158405,1.0,0.0,1.0,0.0,1.0,0.0
834,25,1.0,97376,0.0,0.0,1.0,0.0,1.0,0.0
835,48,1.0,108678,1.0,1.0,0.0,1.0,0.0,1.0
836,21,1.0,92351,1.0,0.0,1.0,0.0,1.0,0.0
837,23,1.0,61211,0.0,0.0,1.0,0.0,1.0,0.0
838,63,2.0,138644,1.0,0.0,0.0,1.0,0.0,1.0
839,46,2.0,124824,1.0,2.0,0.0,1.0,1.0,0.0
840,29,0.0,132852,1.0,0.0,0.0,1.0,0.0,1.0
841,28,0.0,81069,0.0,0.0,0.0,1.0,0.0,1.0
842,23,1.0,104094,1.0,2.0,1.0,0.0,1.0,0.0
843,50,1.0,114853,1.0,0.0,0.0,1.0,0.0,1.0
844,47,1.0,130344,1.0,2.0,0.0,1.0,0.0,1.0
845,35,1.0,135090,1.0,0.0,0.0,1.0,0.0,1.0
846,68,2.0,179151,1.0,2.0,0.0,1.0,0.0,1.0
847,28,1.0,97390,1.0,1.0,0.0,1.0,1.0,0.0
848,59,2.0,120160,1.0,0.0,0.0,1.0,0.0,1.0
849,57,2.0,82277,0.0,0.0,0.0,1.0,0.0,1.0
850,33,1.0,110844,1.0,2.0,0.0,1.0,1.0,0.0
851,43,1.0,133105,1.0,0.0,0.0,1.0,0.0,1.0
852,35,1.0,102042,1.0,0.0,0.0,1.0,0.0,1.0
853,32,0.0,69370,0.0,0.0,0.0,1.0,0.0,1.0
854,45,1.0,200298,1.0,1.0,0.0,1.0,0.0,1.0
855,33,1.0,117039,1.0,2.0,0.0,1.0,1.0,0.0
856,40,2.0,107585,1.0,2.0,1.0,0.0,1.0,0.0
857,28,0.0,114429,1.0,0.0,0.0,1.0,0.0,1.0
858,29,1.0,128234,1.0,2.0,1.0,0.0,1.0,0.0
859,26,0.0,128580,1.0,2.0,0.0,1.0,0.0,1.0
860,27,0.0,177757,1.0,1.0,0.0,1.0,0.0,1.0
861,28,1.0,106222,1.0,0.0,0.0,1.0,1.0,0.0
862,35,1.0,118428,1.0,2.0,1.0,0.0,1.0,0.0
863,32,0.0,139477,0.0,0.0,0.0,1.0,0.0,1.0
864,25,0.0,71159,0.0,0.0,0.0,1.0,0.0,1.0
865,20,1.0,131370,1.0,2.0,1.0,0.0,1.0,0.0
866,27,1.0,111567,1.0,2.0,1.0,0.0,1.0,0.0
867,42,1.0,125482,1.0,2.0,0.0,1.0,0.0,1.0
868,37,1.0,160642,1.0,2.0,0.0,1.0,0.0,1.0
869,24,1.0,92498,1.0,0.0,1.0,0.0,1.0,0.0
870,40,2.0,199711,1.0,2.0,1.0,0.0,1.0,0.0
871,46,1.0,127588,1.0,2.0,0.0,1.0,0.0,1.0
872,26,0.0,107508,1.0,2.0,0.0,1.0,0.0,1.0
873,24,1.0,94629,1.0,2.0,1.0,0.0,1.0,0.0
874,29,0.0,87598,0.0,2.0,0.0,1.0,0.0,1.0
875,40,2.0,161194,1.0,1.0,1.0,0.0,1.0,0.0
876,36,1.0,137342,2.0,2.0,0.0,1.0,0.0,1.0
877,28,0.0,116848,1.0,1.0,0.0,1.0,0.0,1.0
878,27,0.0,125190,2.0,1.0,0.0,1.0,0.0,1.0
879,36,1.0,153441,1.0,0.0,0.0,1.0,0.0,1.0
880,38,1.0,195328,2.0,2.0,0.0,1.0,0.0,1.0
881,48,2.0,190413,1.0,0.0,0.0,1.0,1.0,0.0
882,36,1.0,118656,1.0,1.0,0.0,1.0,0.0,1.0
883,65,3.0,69487,0.0,0.0,1.0,0.0,1.0,0.0
884,43,2.0,145313,1.0,1.0,0.0,1.0,1.0,0.0
885,53,2.0,117005,1.0,1.0,1.0,0.0,1.0,0.0
886,34,1.0,123243,1.0,1.0,0.0,1.0,0.0,1.0
887,23,0.0,237799,1.0,1.0,0.0,1.0,0.0,1.0
888,34,1.0,180617,2.0,2.0,0.0,1.0,0.0,1.0
889,40,1.0,167019,1.0,0.0,0.0,1.0,0.0,1.0
890,43,1.0,147745,2.0,2.0,0.0,1.0,0.0,1.0
891,46,1.0,114254,1.0,1.0,0.0,1.0,0.0,1.0
892,38,1.0,81155,0.0,0.0,0.0,1.0,0.0,1.0
893,34,1.0,151803,1.0,2.0,0.0,1.0,0.0,1.0
894,29,0.0,94356,1.0,2.0,0.0,1.0,0.0,1.0
895,31,0.0,200621,2.0,2.0,0.0,1.0,0.0,1.0
896,28,1.0,144448,2.0,1.0,1.0,0.0,1.0,0.0
897,35,1.0,150797,1.0,0.0,1.0,0.0,1.0,0.0
898,33,1.0,84404,0.0,0.0,1.0,0.0,1.0,0.0
899,42,1.0,133373,1.0,2.0,0.0,1.0,0.0,1.0
900,43,1.0,119502,1.0,2.0,0.0,1.0,0.0,1.0
901,44,2.0,131619,1.0,0.0,0.0,1.0,1.0,0.0
902,42,1.0,194084,1.0,2.0,0.0,1.0,0.0,1.0
903,40,1.0,108278,1.0,1.0,0.0,1.0,1.0,0.0
904,36,1.0,130987,2.0,1.0,0.0,1.0,0.0,1.0
905,20,0.0,116582,2.0,2.0,0.0,1.0,0.0,1.0
906,24,0.0,85270,0.0,0.0,0.0,1.0,0.0,1.0
907,27,1.0,129227,1.0,0.0,0.0,1.0,1.0,0.0
908,46,2.0,108291,0.0,0.0,1.0,0.0,1.0,0.0
909,33,1.0,103091,0.0,0.0,1.0,0.0,1.0,0.0
910,34,1.0,136975,1.0,1.0,1.0,0.0,1.0,0.0
911,25,1.0,111502,0.0,0.0,1.0,0.0,1.0,0.0
912,25,1.0,124750,1.0,1.0,1.0,0.0,1.0,0.0
913,28,1.0,146463,1.0,2.0,0.0,1.0,1.0,0.0
914,31,0.0,115075,1.0,0.0,0.0,1.0,0.0,1.0
915,32,1.0,308491,2.0,1.0,1.0,0.0,1.0,0.0
916,32,0.0,126368,1.0,0.0,0.0,1.0,0.0,1.0
917,68,2.0,287247,2.0,2.0,0.0,1.0,0.0,1.0
918,33,1.0,125535,1.0,2.0,0.0,1.0,1.0,0.0
919,39,1.0,153223,2.0,2.0,0.0,1.0,0.0,1.0
920,28,1.0,106873,1.0,1.0,1.0,0.0,1.0,0.0
921,37,1.0,268906,2.0,1.0,0.0,1.0,0.0,1.0
922,22,1.0,97757,1.0,2.0,1.0,0.0,1.0,0.0
923,30,0.0,112151,1.0,1.0,0.0,1.0,0.0,1.0
924,55,2.0,172909,1.0,0.0,0.0,1.0,1.0,0.0
925,46,1.0,103387,1.0,1.0,0.0,1.0,0.0,1.0
926,21,1.0,93916,1.0,2.0,1.0,0.0,1.0,0.0
927,39,1.0,189963,1.0,2.0,0.0,1.0,0.0,1.0
928,58,2.0,124191,1.0,0.0,0.0,1.0,0.0,1.0
929,43,1.0,77205,0.0,0.0,0.0,1.0,0.0,1.0
930,24,0.0,65917,0.0,0.0,0.0,1.0,0.0,1.0
931,22,1.0,109676,1.0,0.0,1.0,0.0,1.0,0.0
932,30,0.0,95682,1.0,2.0,0.0,1.0,0.0,1.0
933,42,1.0,125516,1.0,2.0,0.0,1.0,0.0,1.0
934,23,1.0,99822,1.0,0.0,1.0,0.0,1.0,0.0
935,30,0.0,154854,2.0,1.0,0.0,1.0,0.0,1.0
936,28,1.0,84582,0.0,0.0,1.0,0.0,1.0,0.0
937,30,1.0,145800,2.0,0.0,0.0,1.0,1.0,0.0
938,42,1.0,162869,1.0,1.0,0.0,1.0,0.0,1.0
939,46,1.0,192379,2.0,2.0,0.0,1.0,0.0,1.0
940,45,1.0,159757,2.0,2.0,0.0,1.0,0.0,1.0
941,31,0.0,69571,0.0,0.0,0.0,1.0,0.0,1.0
942,31,0.0,93648,1.0,2.0,0.0,1.0,0.0,1.0
943,42,1.0,77472,0.0,0.0,0.0,1.0,0.0,1.0
944,46,2.0,121501,1.0,0.0,1.0,0.0,1.0,0.0
945,30,1.0,207262,1.0,0.0,1.0,0.0,1.0,0.0
946,30,0.0,143082,1.0,2.0,0.0,1.0,0.0,1.0
947,38,1.0,147760,2.0,1.0,0.0,1.0,0.0,1.0
948,43,2.0,82082,0.0,0.0,0.0,1.0,1.0,0.0
949,31,0.0,132991,1.0,1.0,0.0,1.0,0.0,1.0
950,40,1.0,78436,0.0,0.0,0.0,1.0,1.0,0.0
951,24,0.0,99737,1.0,2.0,0.0,1.0,0.0,1.0
952,28,1.0,164915,1.0,0.0,1.0,0.0,1.0,0.0
953,26,1.0,223185,2.0,1.0,1.0,0.0,1.0,0.0
954,29,1.0,108400,1.0,2.0,1.0,0.0,1.0,0.0
955,57,2.0,194882,2.0,1.0,1.0,0.0,1.0,0.0
956,49,1.0,122186,0.0,0.0,0.0,1.0,0.0,1.0
957,37,1.0,79594,0.0,0.0,0.0,1.0,0.0,1.0
958,45,1.0,104355,0.0,0.0,0.0,1.0,0.0,1.0
959,30,0.0,135894,1.0,2.0,0.0,1.0,0.0,1.0
960,30,1.0,103699,1.0,1.0,0.0,1.0,1.0,0.0
961,47,2.0,132145,1.0,1.0,0.0,1.0,1.0,0.0
962,29,0.0,117272,1.0,2.0,0.0,1.0,0.0,1.0
963,35,1.0,137932,1.0,0.0,0.0,1.0,0.0,1.0
964,22,1.0,63972,0.0,0.0,0.0,1.0,1.0,0.0
965,26,1.0,113299,1.0,2.0,1.0,0.0,1.0,0.0
966,23,0.0,108540,0.0,0.0,0.0,1.0,0.0,1.0
967,54,2.0,174424,2.0,2.0,1.0,0.0,1.0,0.0
968,29,1.0,154991,1.0,2.0,0.0,1.0,1.0,0.0
969,40,1.0,99723,0.0,0.0,0.0,1.0,0.0,1.0
970,22,0.0,114584,1.0,2.0,0.0,1.0,0.0,1.0
971,43,1.0,135275,0.0,0.0,0.0,1.0,0.0,1.0
972,29,1.0,41680,0.0,0.0,1.0,0.0,1.0,0.0
973,36,1.0,158769,1.0,1.0,0.0,1.0,0.0,1.0
974,33,1.0,120596,1.0,0.0,1.0,0.0,1.0,0.0
975,57,2.0,139641,0.0,0.0,1.0,0.0,1.0,0.0
976,64,3.0,134377,1.0,0.0,1.0,0.0,1.0,0.0
977,42,1.0,125804,1.0,2.0,0.0,1.0,0.0,1.0
978,47,1.0,91858,0.0,0.0,0.0,1.0,0.0,1.0
979,25,1.0,117641,1.0,2.0,0.0,1.0,1.0,0.0
980,49,1.0,188594,1.0,1.0,0.0,1.0,0.0,1.0
981,33,1.0,162827,2.0,2.0,0.0,1.0,0.0,1.0
982,28,1.0,178991,2.0,2.0,1.0,0.0,1.0,0.0
983,26,0.0,159739,1.0,1.0,0.0,1.0,0.0,1.0
984,30,0.0,73401,0.0,0.0,0.0,1.0,0.0,1.0
985,25,1.0,100794,1.0,2.0,1.0,0.0,1.0,0.0
986,33,1.0,167763,1.0,1.0,0.0,1.0,1.0,0.0
987,64,3.0,145174,1.0,0.0,1.0,0.0,1.0,0.0
988,29,0.0,176292,2.0,1.0,0.0,1.0,0.0,1.0
989,48,1.0,94024,0.0,0.0,0.0,1.0,0.0,1.0
990,37,1.0,93740,0.0,0.0,0.0,1.0,0.0,1.0
991,34,1.0,85685,0.0,0.0,0.0,1.0,0.0,1.0
992,23,1.0,69997,0.0,0.0,0.0,1.0,1.0,0.0
993,30,0.0,151938,2.0,2.0,0.0,1.0,0.0,1.0
994,50,1.0,122830,1.0,1.0,0.0,1.0,0.0,1.0
995,31,1.0,78489,0.0,0.0,1.0,0.0,1.0,0.0
996,40,1.0,161999,2.0,1.0,0.0,1.0,1.0,0.0
997,38,1.0,98032,1.0,2.0,0.0,1.0,0.0,1.0
998,23,0.0,96060,1.0,0.0,0.0,1.0,0.0,1.0
999,27,0.0,147968,1.0,1.0,0.0,1.0,0.0,1.0
1000,63,2.0,134853,1.0,1.0,1.0,0.0,1.0,0.0
1001,66,2.0,157576,2.0,2.0,0.0,1.0,0.0,1.0
1002,43,2.0,203738,2.0,1.0,0.0,1.0,1.0,0.0
1003,44,2.0,280570,2.0,2.0,0.0,1.0,1.0,0.0
1004,65,3.0,69487,0.0,2.0,0.0,1.0,1.0,0.0
1005,73,3.0,214126,2.0,1.0,1.0,0.0,1.0,0.0
1006,60,2.0,136671,1.0,1.0,0.0,1.0,0.0,1.0
1007,62,2.0,174337,1.0,1.0,0.0,1.0,1.0,0.0
1008,58,2.0,126710,1.0,1.0,1.0,0.0,1.0,0.0
1009,43,2.0,167139,2.0,2.0,1.0,0.0,1.0,0.0
1010,64,2.0,122094,1.0,2.0,0.0,1.0,0.0,1.0
1011,37,3.0,170113,2.0,2.0,0.0,1.0,1.0,0.0
1012,46,2.0,192698,2.0,1.0,1.0,0.0,1.0,0.0
1013,57,2.0,144197,1.0,2.0,0.0,1.0,1.0,0.0
1014,51,2.0,133623,1.0,1.0,0.0,1.0,1.0,0.0
1015,32,3.0,171052,2.0,2.0,1.0,0.0,1.0,0.0
1016,64,2.0,130492,1.0,2.0,0.0,1.0,0.0,1.0
1017,68,2.0,135705,1.0,1.0,0.0,1.0,0.0,1.0
1018,55,2.0,171804,2.0,2.0,1.0,0.0,1.0,0.0
1019,73,2.0,192167,2.0,1.0,0.0,1.0,0.0,1.0
1020,34,3.0,134377,1.0,2.0,1.0,0.0,1.0,0.0
1021,44,2.0,146716,1.0,1.0,0.0,1.0,1.0,0.0
1022,58,2.0,267872,1.0,1.0,0.0,1.0,0.0,1.0
1023,65,2.0,142193,0.0,1.0,1.0,0.0,1.0,0.0
1024,56,2.0,183765,1.0,1.0,1.0,0.0,1.0,0.0
1025,42,2.0,218664,2.0,2.0,1.0,0.0,1.0,0.0
1026,65,3.0,145174,1.0,2.0,1.0,0.0,1.0,0.0
1027,72,2.0,224961,2.0,2.0,0.0,1.0,0.0,1.0
1028,45,2.0,262634,2.0,2.0,1.0,0.0,1.0,0.0
1029,68,2.0,287106,2.0,2.0,0.0,1.0,0.0,1.0
1030,60,2.0,166298,2.0,1.0,0.0,1.0,0.0,1.0
1031,30,3.0,133328,0.0,2.0,1.0,0.0,1.0,0.0
1032,63,2.0,129798,1.0,1.0,0.0,1.0,0.0,1.0
1033,57,2.0,281084,2.0,1.0,0.0,1.0,0.0,1.0
1034,46,2.0,160678,1.0,2.0,1.0,0.0,1.0,0.0
1035,70,3.0,167532,1.0,1.0,1.0,0.0,1.0,0.0
1036,65,2.0,178591,1.0,2.0,0.0,1.0,0.0,1.0
1037,63,2.0,273063,2.0,2.0,0.0,1.0,0.0,1.0
1038,54,2.0,149410,1.0,2.0,0.0,1.0,1.0,0.0
1039,49,2.0,124658,1.0,2.0,0.0,1.0,1.0,0.0
1040,64,2.0,153645,1.0,2.0,1.0,0.0,1.0,0.0
1041,61,2.0,308529,2.0,2.0,1.0,0.0,1.0,0.0
1042,57,2.0,155062,1.0,2.0,1.0,0.0,1.0,0.0
1043,42,2.0,199654,1.0,2.0,1.0,0.0,1.0,0.0
1044,62,2.0,124723,1.0,2.0,0.0,1.0,0.0,1.0
1045,41,2.0,127752,1.0,2.0,1.0,0.0,1.0,0.0
1046,51,2.0,157595,2.0,1.0,1.0,0.0,1.0,0.0
1047,38,2.0,135534,1.0,2.0,1.0,0.0,1.0,0.0
1048,56,2.0,166264,2.0,2.0,1.0,0.0,1.0,0.0
1049,43,2.0,147259,1.0,1.0,1.0,0.0,1.0,0.0
1050,48,2.0,161116,1.0,1.0,1.0,0.0,1.0,0.0
1051,61,2.0,139380,1.0,1.0,0.0,1.0,0.0,1.0
1052,48,2.0,213768,2.0,2.0,0.0,1.0,1.0,0.0
1053,68,2.0,125903,1.0,2.0,0.0,1.0,0.0,1.0
1054,62,2.0,163940,1.0,1.0,1.0,0.0,1.0,0.0
1055,56,2.0,173378,2.0,2.0,1.0,0.0,1.0,0.0
1056,53,2.0,126847,1.0,1.0,1.0,0.0,1.0,0.0
1057,33,3.0,166712,1.0,2.0,0.0,1.0,1.0,0.0
1058,60,2.0,189166,1.0,1.0,1.0,0.0,1.0,0.0
1059,47,2.0,161714,1.0,1.0,1.0,0.0,1.0,0.0
1060,25,3.0,214364,2.0,2.0,0.0,1.0,1.0,0.0
1061,64,2.0,184680,1.0,1.0,0.0,1.0,0.0,1.0
1062,73,2.0,214732,2.0,1.0,0.0,1.0,0.0,1.0
1063,66,2.0,152527,1.0,1.0,0.0,1.0,1.0,0.0
1064,76,3.0,170366,2.0,1.0,1.0,0.0,1.0,0.0
1065,60,2.0,194532,2.0,1.0,1.0,0.0,1.0,0.0
1066,57,2.0,125883,1.0,2.0,1.0,0.0,1.0,0.0
1067,30,3.0,131242,1.0,2.0,0.0,1.0,1.0,0.0
1068,43,2.0,159880,2.0,1.0,0.0,1.0,1.0,0.0
1069,57,2.0,165519,1.0,2.0,0.0,1.0,0.0,1.0
1070,51,2.0,149653,1.0,1.0,0.0,1.0,1.0,0.0
1071,61,2.0,134102,1.0,1.0,1.0,0.0,1.0,0.0
1072,64,2.0,159378,2.0,2.0,0.0,1.0,0.0,1.0
1073,41,2.0,205476,2.0,1.0,0.0,1.0,1.0,0.0
1074,43,2.0,280566,2.0,2.0,0.0,1.0,1.0,0.0
1075,67,3.0,71823,0.0,2.0,0.0,1.0,1.0,0.0
1076,71,3.0,211572,2.0,1.0,1.0,0.0,1.0,0.0
1077,59,2.0,136123,1.0,1.0,0.0,1.0,0.0,1.0
1078,60,2.0,176372,1.0,1.0,0.0,1.0,1.0,0.0
1079,60,2.0,128271,1.0,1.0,1.0,0.0,1.0,0.0
1080,45,2.0,169020,2.0,2.0,1.0,0.0,1.0,0.0
1081,63,2.0,122267,1.0,2.0,0.0,1.0,0.0,1.0
1082,38,3.0,169324,2.0,2.0,0.0,1.0,1.0,0.0
1083,46,2.0,192561,2.0,1.0,1.0,0.0,1.0,0.0
1084,55,2.0,145781,1.0,2.0,0.0,1.0,1.0,0.0
1085,50,2.0,135376,1.0,1.0,0.0,1.0,1.0,0.0
1086,30,3.0,169002,2.0,2.0,1.0,0.0,1.0,0.0
1087,63,2.0,128469,1.0,2.0,0.0,1.0,0.0,1.0
1088,67,2.0,135567,1.0,1.0,0.0,1.0,0.0,1.0
1089,54,2.0,170644,2.0,2.0,1.0,0.0,1.0,0.0
1090,71,2.0,192360,2.0,1.0,0.0,1.0,0.0,1.0
1091,32,3.0,133235,1.0,2.0,1.0,0.0,1.0,0.0
1092,45,2.0,260847,2.0,2.0,1.0,0.0,1.0,0.0
1093,65,2.0,285647,2.0,2.0,0.0,1.0,0.0,1.0
1094,62,2.0,164816,2.0,1.0,0.0,1.0,0.0,1.0
1095,28,3.0,130148,0.0,2.0,1.0,0.0,1.0,0.0
1096,65,2.0,129838,1.0,1.0,0.0,1.0,0.0,1.0
1097,57,2.0,281647,2.0,1.0,0.0,1.0,0.0,1.0
1098,48,2.0,157305,1.0,2.0,1.0,0.0,1.0,0.0
1099,71,3.0,163654,1.0,1.0,1.0,0.0,1.0,0.0
1100,38,1.0,82398,1.0,1.0,0.0,1.0,0.0,1.0
1101,40,1.0,107710,1.0,1.0,0.0,1.0,1.0,0.0
1102,49,1.0,122346,1.0,1.0,0.0,1.0,0.0,1.0
1103,32,1.0,155540,2.0,1.0,0.0,1.0,1.0,0.0
1104,45,1.0,127572,1.0,1.0,0.0,1.0,0.0,1.0
1105,40,1.0,154031,2.0,1.0,0.0,1.0,0.0,1.0
1106,66,2.0,164931,2.0,2.0,0.0,1.0,0.0,1.0
1107,38,1.0,123003,1.0,2.0,0.0,1.0,0.0,1.0
1108,20,1.0,89605,1.0,1.0,0.0,1.0,1.0,0.0
1109,48,1.0,117721,1.0,1.0,0.0,1.0,0.0,1.0
1110,46,2.0,168904,2.0,1.0,0.0,1.0,1.0,0.0
1111,32,1.0,137576,2.0,2.0,0.0,1.0,0.0,1.0
1112,54,1.0,111274,1.0,1.0,0.0,1.0,0.0,1.0
1113,24,1.0,94249,2.0,2.0,0.0,1.0,1.0,0.0
1114,27,1.0,180940,2.0,1.0,0.0,1.0,1.0,0.0
1115,57,1.0,125032,1.0,2.0,0.0,1.0,0.0,1.0
1116,38,1.0,138011,2.0,1.0,0.0,1.0,0.0,1.0
1117,40,1.0,144850,1.0,1.0,0.0,1.0,0.0,1.0
1118,20,1.0,107270,1.0,2.0,0.0,1.0,1.0,0.0
1119,36,1.0,113405,2.0,2.0,0.0,1.0,0.0,1.0
1120,47,1.0,137338,1.0,2.0,0.0,1.0,0.0,1.0
1121,64,2.0,125119,0.0,2.0,0.0,1.0,0.0,1.0
1122,42,1.0,159745,2.0,2.0,0.0,1.0,0.0,1.0
1123,44,1.0,181262,2.0,2.0,0.0,1.0,0.0,1.0
1124,30,1.0,90500,2.0,2.0,0.0,1.0,1.0,0.0
1125,37,1.0,102733,1.0,1.0,0.0,1.0,0.0,1.0
1126,42,1.0,135493,1.0,2.0,0.0,1.0,0.0,1.0
1127,62,2.0,169044,1.0,1.0,0.0,1.0,1.0,0.0
1128,49,1.0,178549,1.0,2.0,0.0,1.0,0.0,1.0
1129,52,1.0,159716,1.0,2.0,0.0,1.0,0.0,1.0
1130,36,1.0,170118,2.0,1.0,0.0,1.0,1.0,0.0
1131,49,1.0,143886,0.0,1.0,0.0,1.0,0.0,1.0
1132,42,1.0,130164,2.0,2.0,0.0,1.0,0.0,1.0
1133,38,1.0,114476,1.0,1.0,0.0,1.0,0.0,1.0
1134,50,1.0,126143,1.0,1.0,0.0,1.0,0.0,1.0
1135,34,1.0,129654,2.0,2.0,0.0,1.0,1.0,0.0
1136,43,1.0,123202,1.0,2.0,0.0,1.0,0.0,1.0
1137,40,1.0,160524,1.0,1.0,0.0,1.0,0.0,1.0
1138,56,2.0,126906,1.0,1.0,0.0,1.0,0.0,1.0
1139,41,1.0,143994,2.0,2.0,0.0,1.0,0.0,1.0
1140,30,1.0,123517,2.0,2.0,0.0,1.0,1.0,0.0
1141,28,1.0,129055,1.0,2.0,0.0,1.0,1.0,0.0
1142,64,2.0,136312,0.0,2.0,0.0,1.0,0.0,1.0
1143,67,2.0,112486,1.0,2.0,0.0,1.0,0.0,1.0
1144,37,1.0,152401,2.0,1.0,0.0,1.0,0.0,1.0
1145,31,1.0,157453,2.0,1.0,0.0,1.0,0.0,1.0
1146,32,1.0,142870,2.0,2.0,0.0,1.0,0.0,1.0
1147,52,2.0,137231,1.0,2.0,0.0,1.0,1.0,0.0
1148,31,1.0,104406,1.0,1.0,0.0,1.0,1.0,0.0
1149,36,1.0,145385,2.0,1.0,0.0,1.0,0.0,1.0
1150,32,1.0,146519,2.0,1.0,0.0,1.0,1.0,0.0
1151,51,1.0,126227,1.0,2.0,0.0,1.0,0.0,1.0
1152,47,1.0,112227,2.0,1.0,0.0,1.0,0.0,1.0
1153,34,1.0,110145,1.0,2.0,0.0,1.0,1.0,0.0
1154,46,2.0,149419,1.0,1.0,0.0,1.0,1.0,0.0
1155,42,1.0,176646,1.0,1.0,0.0,1.0,1.0,0.0
1156,39,1.0,91019,2.0,1.0,0.0,1.0,0.0,1.0
1157,50,1.0,169579,1.0,2.0,0.0,1.0,0.0,1.0
1158,42,1.0,142305,1.0,2.0,0.0,1.0,0.0,1.0
1159,36,1.0,130602,1.0,1.0,0.0,1.0,1.0,0.0
1160,18,1.0,98992,1.0,1.0,0.0,1.0,1.0,0.0
1161,35,1.0,181926,2.0,2.0,0.0,1.0,0.0,1.0
1162,38,1.0,152864,1.0,2.0,0.0,1.0,0.0,1.0
1163,39,1.0,135837,2.0,2.0,0.0,1.0,0.0,1.0
1164,24,1.0,121757,0.0,2.0,0.0,1.0,1.0,0.0
1165,41,1.0,182274,1.0,1.0,0.0,1.0,0.0,1.0
1166,36,1.0,149040,2.0,2.0,0.0,1.0,0.0,1.0
1167,37,1.0,154196,2.0,2.0,0.0,1.0,0.0,1.0
1168,45,2.0,135332,1.0,1.0,0.0,1.0,1.0,0.0
1169,41,1.0,134200,2.0,2.0,0.0,1.0,0.0,1.0
1170,36,1.0,177171,2.0,2.0,0.0,1.0,0.0,1.0
1171,38,1.0,115964,0.0,2.0,0.0,1.0,0.0,1.0
1172,38,1.0,136871,0.0,1.0,0.0,1.0,0.0,1.0
1173,53,2.0,159559,2.0,2.0,0.0,1.0,1.0,0.0
1174,35,1.0,113878,1.0,2.0,0.0,1.0,0.0,1.0
1175,48,1.0,171203,2.0,2.0,0.0,1.0,0.0,1.0
1176,36,1.0,102180,1.0,2.0,0.0,1.0,0.0,1.0
1177,22,1.0,116844,2.0,1.0,0.0,1.0,1.0,0.0
1178,35,1.0,139844,2.0,2.0,0.0,1.0,0.0,1.0
1179,42,1.0,156431,0.0,1.0,0.0,1.0,0.0,1.0
1180,39,1.0,116137,0.0,1.0,0.0,1.0,0.0,1.0
1181,31,1.0,143081,1.0,1.0,0.0,1.0,0.0,1.0
1182,33,1.0,155870,2.0,2.0,0.0,1.0,0.0,1.0
1183,31,1.0,106924,0.0,1.0,0.0,1.0,1.0,0.0
1184,42,1.0,102133,1.0,1.0,0.0,1.0,0.0,1.0
1185,61,2.0,145227,0.0,1.0,0.0,1.0,0.0,1.0
1186,38,1.0,159500,2.0,2.0,0.0,1.0,0.0,1.0
1187,33,1.0,98498,0.0,1.0,0.0,1.0,0.0,1.0
1188,48,1.0,159714,1.0,2.0,0.0,1.0,0.0,1.0
1189,31,1.0,121852,0.0,1.0,0.0,1.0,0.0,1.0
1190,52,1.0,141271,2.0,2.0,0.0,1.0,0.0,1.0
1191,27,1.0,123213,1.0,2.0,0.0,1.0,1.0,0.0
1192,40,1.0,143723,2.0,1.0,0.0,1.0,0.0,1.0
1193,34,1.0,112538,0.0,1.0,0.0,1.0,0.0,1.0
1194,26,1.0,97932,2.0,2.0,0.0,1.0,1.0,0.0
1195,30,1.0,154003,0.0,1.0,0.0,1.0,0.0,1.0
1196,53,1.0,177179,1.0,1.0,0.0,1.0,0.0,1.0
1197,45,1.0,128052,1.0,2.0,0.0,1.0,0.0,1.0
1198,32,1.0,114617,2.0,1.0,0.0,1.0,0.0,1.0
1199,35,1.0,182822,2.0,2.0,0.0,1.0,0.0,1.0
1200,26,1.0,177215,1.0,2.0,0.0,1.0,1.0,0.0
1201,30,1.0,110929,1.0,1.0,0.0,1.0,0.0,1.0
1202,37,1.0,111821,1.0,1.0,0.0,1.0,0.0,1.0
1203,32,1.0,97306,2.0,1.0,0.0,1.0,0.0,1.0
1204,40,1.0,157231,1.0,1.0,0.0,1.0,1.0,0.0
1205,44,1.0,126906,0.0,2.0,0.0,1.0,0.0,1.0
1206,43,1.0,133243,1.0,2.0,0.0,1.0,0.0,1.0
1207,51,1.0,112250,1.0,1.0,0.0,1.0,0.0,1.0
1208,37,1.0,104349,0.0,1.0,0.0,1.0,0.0,1.0
1209,33,1.0,151421,1.0,2.0,0.0,1.0,0.0,1.0
1210,32,1.0,178081,2.0,1.0,0.0,1.0,1.0,0.0
1211,35,1.0,110181,0.0,2.0,0.0,1.0,0.0,1.0
1212,30,1.0,113012,1.0,1.0,0.0,1.0,1.0,0.0
1213,35,1.0,154585,2.0,2.0,0.0,1.0,1.0,0.0
1214,40,1.0,144704,2.0,1.0,0.0,1.0,0.0,1.0
1215,37,1.0,141632,2.0,2.0,0.0,1.0,0.0,1.0
1216,37,1.0,105055,1.0,2.0,0.0,1.0,0.0,1.0
1217,37,1.0,124597,1.0,2.0,0.0,1.0,0.0,1.0
1218,53,1.0,160164,2.0,1.0,0.0,1.0,0.0,1.0
1219,34,1.0,151754,2.0,1.0,0.0,1.0,0.0,1.0
1220,51,1.0,155551,1.0,1.0,0.0,1.0,0.0,1.0
1221,26,1.0,94986,1.0,2.0,0.0,1.0,1.0,0.0
1222,34,1.0,175800,0.0,1.0,0.0,1.0,0.0,1.0
1223,51,1.0,126246,2.0,1.0,0.0,1.0,0.0,1.0
1224,33,1.0,116261,1.0,2.0,0.0,1.0,0.0,1.0
1225,32,1.0,117796,0.0,2.0,0.0,1.0,1.0,0.0
1226,39,1.0,115363,1.0,1.0,0.0,1.0,0.0,1.0
1227,53,1.0,169076,1.0,1.0,0.0,1.0,0.0,1.0
1228,34,1.0,97474,2.0,2.0,0.0,1.0,0.0,1.0
1229,37,1.0,140341,1.0,2.0,0.0,1.0,0.0,1.0
1230,28,1.0,114503,1.0,1.0,0.0,1.0,1.0,0.0
1231,25,1.0,102937,1.0,2.0,0.0,1.0,1.0,0.0
1232,36,1.0,151781,2.0,2.0,0.0,1.0,0.0,1.0
1233,36,1.0,123133,1.0,2.0,0.0,1.0,1.0,0.0
1234,35,1.0,118879,1.0,2.0,0.0,1.0,0.0,1.0
1235,21,1.0,158683,1.0,1.0,0.0,1.0,1.0,0.0
1236,29,1.0,107514,1.0,2.0,0.0,1.0,1.0,0.0
1237,60,2.0,193879,1.0,1.0,0.0,1.0,0.0,1.0
1238,45,1.0,135043,1.0,1.0,0.0,1.0,0.0,1.0
1239,56,2.0,108559,0.0,1.0,0.0,1.0,1.0,0.0
1240,30,1.0,121038,1.0,2.0,0.0,1.0,1.0,0.0
1241,52,1.0,151947,2.0,2.0,0.0,1.0,0.0,1.0
1242,26,1.0,118820,1.0,1.0,0.0,1.0,1.0,0.0
1243,43,1.0,121517,1.0,1.0,0.0,1.0,0.0,1.0
1244,34,1.0,113572,1.0,1.0,0.0,1.0,0.0,1.0
1245,22,1.0,131170,1.0,2.0,0.0,1.0,1.0,0.0
1246,42,1.0,92430,0.0,1.0,0.0,1.0,0.0,1.0
1247,38,1.0,124554,0.0,1.0,0.0,1.0,0.0,1.0
1248,29,1.0,115988,1.0,2.0,0.0,1.0,1.0,0.0
1249,44,1.0,107301,1.0,2.0,0.0,1.0,0.0,1.0
1250,29,1.0,103767,2.0,1.0,0.0,1.0,1.0,0.0
1251,44,1.0,141493,1.0,2.0,0.0,1.0,0.0,1.0
1252,38,1.0,154339,1.0,2.0,0.0,1.0,0.0,1.0
1253,26,1.0,112369,0.0,1.0,0.0,1.0,1.0,0.0
1254,53,1.0,158193,1.0,1.0,0.0,1.0,0.0,1.0
1255,43,1.0,143734,1.0,1.0,0.0,1.0,0.0,1.0
1256,33,1.0,121890,1.0,1.0,0.0,1.0,0.0,1.0
1257,52,1.0,127609,0.0,1.0,0.0,1.0,0.0,1.0
1258,26,1.0,94650,0.0,2.0,0.0,1.0,1.0,0.0
1259,38,1.0,175504,2.0,1.0,0.0,1.0,0.0,1.0
1260,47,1.0,165495,1.0,2.0,0.0,1.0,0.0,1.0
1261,26,1.0,120389,1.0,1.0,0.0,1.0,1.0,0.0
1262,36,1.0,165340,1.0,1.0,0.0,1.0,1.0,0.0
1263,36,1.0,119804,1.0,1.0,0.0,1.0,0.0,1.0
1264,57,2.0,154344,2.0,1.0,0.0,1.0,0.0,1.0
1265,31,1.0,106266,2.0,2.0,0.0,1.0,1.0,0.0
1266,45,1.0,136129,1.0,1.0,0.0,1.0,0.0,1.0
1267,40,1.0,151914,2.0,1.0,0.0,1.0,0.0,1.0
1268,21,1.0,121473,1.0,1.0,0.0,1.0,1.0,0.0
1269,46,1.0,127147,1.0,2.0,0.0,1.0,0.0,1.0
1270,35,1.0,125387,1.0,2.0,0.0,1.0,0.0,1.0
1271,31,1.0,139490,0.0,2.0,0.0,1.0,1.0,0.0
1272,51,1.0,124990,1.0,2.0,0.0,1.0,0.0,1.0
1273,21,1.0,101471,2.0,1.0,0.0,1.0,1.0,0.0
1274,48,1.0,155708,1.0,1.0,0.0,1.0,0.0,1.0
1275,48,1.0,142345,1.0,2.0,0.0,1.0,0.0,1.0
1276,68,2.0,148675,0.0,1.0,0.0,1.0,0.0,1.0
1277,45,2.0,116484,1.0,2.0,0.0,1.0,1.0,0.0
1278,35,1.0,150237,2.0,2.0,0.0,1.0,0.0,1.0
1279,22,1.0,100273,1.0,2.0,0.0,1.0,1.0,0.0
1280,44,1.0,122292,0.0,1.0,0.0,1.0,0.0,1.0
1281,52,1.0,159216,1.0,1.0,0.0,1.0,0.0,1.0
1282,48,1.0,130082,1.0,2.0,0.0,1.0,0.0,1.0
1283,33,1.0,139547,1.0,2.0,0.0,1.0,0.0,1.0
1284,35,1.0,122895,1.0,1.0,0.0,1.0,1.0,0.0
1285,64,2.0,154549,1.0,1.0,0.0,1.0,1.0,0.0
1286,58,1.0,149315,0.0,2.0,0.0,1.0,0.0,1.0
1287,24,1.0,118101,0.0,2.0,0.0,1.0,1.0,0.0
1288,40,1.0,115831,0.0,2.0,0.0,1.0,0.0,1.0
1289,49,1.0,118571,2.0,2.0,0.0,1.0,0.0,1.0
1290,31,1.0,138906,1.0,2.0,0.0,1.0,0.0,1.0
1291,46,1.0,98520,1.0,2.0,0.0,1.0,0.0,1.0
1292,46,1.0,106576,1.0,1.0,0.0,1.0,0.0,1.0
1293,49,1.0,121592,1.0,1.0,0.0,1.0,0.0,1.0
1294,29,1.0,135605,0.0,1.0,0.0,1.0,0.0,1.0
1295,37,1.0,114552,1.0,2.0,0.0,1.0,0.0,1.0
1296,33,1.0,151339,2.0,1.0,0.0,1.0,0.0,1.0
1297,71,2.0,170387,1.0,2.0,0.0,1.0,0.0,1.0
1298,35,1.0,118288,1.0,2.0,0.0,1.0,0.0,1.0
1299,40,1.0,109992,1.0,2.0,0.0,1.0,0.0,1.0
1300,27,1.0,90654,0.0,0.0,1.0,0.0,0.0,1.0
1301,61,2.0,113290,0.0,0.0,1.0,0.0,0.0,1.0
1302,29,1.0,100093,1.0,1.0,1.0,0.0,1.0,0.0
1303,33,1.0,109489,1.0,0.0,1.0,0.0,0.0,1.0
1304,56,2.0,139427,0.0,0.0,1.0,0.0,0.0,1.0
1305,27,1.0,123411,1.0,1.0,1.0,0.0,1.0,0.0
1306,22,1.0,137925,1.0,0.0,1.0,0.0,1.0,0.0
1307,19,1.0,99119,1.0,0.0,1.0,0.0,1.0,0.0
1308,28,1.0,91084,1.0,1.0,1.0,0.0,1.0,0.0
1309,24,1.0,110137,1.0,1.0,1.0,0.0,1.0,0.0
1310,27,1.0,67041,0.0,0.0,1.0,0.0,1.0,0.0
1311,30,1.0,127299,1.0,1.0,1.0,0.0,1.0,0.0
1312,26,1.0,84555,0.0,0.0,1.0,0.0,0.0,1.0
1313,26,1.0,123895,1.0,0.0,1.0,0.0,1.0,0.0
1314,23,1.0,94324,1.0,1.0,1.0,0.0,1.0,0.0
1315,28,1.0,96062,1.0,0.0,1.0,0.0,1.0,0.0
1316,67,3.0,144843,1.0,0.0,1.0,0.0,1.0,0.0
1317,27,1.0,107485,1.0,1.0,1.0,0.0,1.0,0.0
1318,32,1.0,98573,1.0,0.0,1.0,0.0,1.0,0.0
1319,24,1.0,107462,0.0,0.0,1.0,0.0,0.0,1.0
1320,28,1.0,115809,1.0,1.0,1.0,0.0,1.0,0.0
1321,48,2.0,118749,0.0,0.0,1.0,0.0,0.0,1.0
1322,32,1.0,139112,1.0,1.0,1.0,0.0,1.0,0.0
1323,25,1.0,94075,1.0,0.0,1.0,0.0,1.0,0.0
1324,57,2.0,62002,0.0,0.0,1.0,0.0,1.0,0.0
1325,28,1.0,127262,1.0,0.0,1.0,0.0,1.0,0.0
1326,24,1.0,122846,1.0,1.0,1.0,0.0,1.0,0.0
1327,25,1.0,61907,0.0,0.0,1.0,0.0,1.0,0.0
1328,31,1.0,89287,0.0,0.0,1.0,0.0,0.0,1.0
1329,33,1.0,103696,1.0,1.0,1.0,0.0,0.0,1.0
1330,50,2.0,147603,1.0,0.0,1.0,0.0,1.0,0.0
1331,58,2.0,139229,0.0,1.0,1.0,0.0,1.0,0.0
1332,27,1.0,107932,0.0,0.0,1.0,0.0,1.0,0.0
1333,48,2.0,116235,0.0,0.0,1.0,0.0,1.0,0.0
1334,22,1.0,85974,0.0,0.0,1.0,0.0,1.0,0.0
1335,40,1.0,124001,0.0,0.0,1.0,0.0,1.0,0.0
1336,32,1.0,121428,1.0,0.0,1.0,0.0,1.0,0.0
1337,25,1.0,93233,0.0,0.0,1.0,0.0,0.0,1.0
1338,27,1.0,67965,0.0,0.0,1.0,0.0,1.0,0.0
1339,27,1.0,88001,0.0,0.0,1.0,0.0,1.0,0.0
1340,23,1.0,129112,1.0,0.0,1.0,0.0,1.0,0.0
1341,32,1.0,109324,1.0,1.0,1.0,0.0,1.0,0.0
1342,25,1.0,112785,1.0,1.0,1.0,0.0,1.0,0.0
1343,46,2.0,136735,0.0,0.0,1.0,0.0,1.0,0.0
1344,21,1.0,107779,1.0,1.0,1.0,0.0,1.0,0.0
1345,29,1.0,103526,1.0,0.0,1.0,0.0,1.0,0.0
1346,31,1.0,93171,0.0,0.0,1.0,0.0,1.0,0.0
1347,26,1.0,106559,0.0,0.0,1.0,0.0,0.0,1.0
1348,23,1.0,112728,1.0,1.0,1.0,0.0,1.0,0.0
1349,38,1.0,102855,1.0,1.0,1.0,0.0,0.0,1.0
1350,35,1.0,85381,0.0,0.0,1.0,0.0,0.0,1.0
1351,27,1.0,100762,1.0,1.0,1.0,0.0,1.0,0.0
1352,22,1.0,131445,1.0,1.0,1.0,0.0,1.0,0.0
1353,52,2.0,123194,1.0,0.0,1.0,0.0,1.0,0.0
1354,19,1.0,99519,1.0,1.0,1.0,0.0,1.0,0.0
1355,23,1.0,112853,1.0,0.0,1.0,0.0,1.0,0.0
1356,42,1.0,110509,1.0,0.0,1.0,0.0,0.0,1.0
1357,27,1.0,106446,1.0,1.0,1.0,0.0,1.0,0.0
1358,39,2.0,89665,0.0,0.0,1.0,0.0,1.0,0.0
1359,50,2.0,128233,1.0,1.0,1.0,0.0,1.0,0.0
1360,36,1.0,133615,1.0,0.0,1.0,0.0,1.0,0.0
1361,25,1.0,115833,1.0,1.0,1.0,0.0,1.0,0.0
1362,27,1.0,65560,0.0,0.0,1.0,0.0,1.0,0.0
1363,30,1.0,118642,1.0,0.0,1.0,0.0,1.0,0.0
1364,22,1.0,63635,0.0,0.0,1.0,0.0,0.0,1.0
1365,27,1.0,122649,1.0,1.0,1.0,0.0,1.0,0.0
1366,31,1.0,143321,2.0,1.0,1.0,0.0,0.0,1.0
1367,29,1.0,99556,1.0,0.0,1.0,0.0,1.0,0.0
1368,34,1.0,36760,0.0,0.0,1.0,0.0,0.0,1.0
1369,33,1.0,71935,0.0,0.0,1.0,0.0,0.0,1.0
1370,26,1.0,114977,1.0,0.0,1.0,0.0,1.0,0.0
1371,36,1.0,147691,1.0,1.0,1.0,0.0,1.0,0.0
1372,26,1.0,54296,0.0,0.0,1.0,0.0,1.0,0.0
1373,39,1.0,80014,0.0,0.0,1.0,0.0,1.0,0.0
1374,44,2.0,77887,0.0,0.0,1.0,0.0,1.0,0.0
1375,46,2.0,98517,0.0,0.0,1.0,0.0,1.0,0.0
1376,31,1.0,103012,0.0,0.0,1.0,0.0,1.0,0.0
1377,26,1.0,121377,1.0,0.0,1.0,0.0,0.0,1.0
1378,22,1.0,91359,1.0,1.0,1.0,0.0,1.0,0.0
1379,48,2.0,104833,0.0,0.0,1.0,0.0,0.0,1.0
1380,27,1.0,101209,1.0,0.0,1.0,0.0,1.0,0.0
1381,30,1.0,58207,0.0,0.0,1.0,0.0,0.0,1.0
1382,27,1.0,116708,1.0,1.0,1.0,0.0,1.0,0.0
1383,36,1.0,107471,1.0,1.0,1.0,0.0,1.0,0.0
1384,31,1.0,128495,1.0,0.0,1.0,0.0,1.0,0.0
1385,21,1.0,124468,1.0,0.0,1.0,0.0,0.0,1.0
1386,26,1.0,106922,1.0,1.0,1.0,0.0,1.0,0.0
1387,24,1.0,104291,1.0,0.0,1.0,0.0,0.0,1.0
1388,29,1.0,98204,1.0,0.0,1.0,0.0,1.0,0.0
1389,32,1.0,127071,1.0,0.0,1.0,0.0,1.0,0.0
1390,45,2.0,85115,0.0,0.0,1.0,0.0,1.0,0.0
1391,58,2.0,104013,0.0,0.0,1.0,0.0,1.0,0.0
1392,25,1.0,89863,1.0,0.0,1.0,0.0,1.0,0.0
1393,67,3.0,135300,1.0,0.0,1.0,0.0,1.0,0.0
1394,53,2.0,107861,0.0,0.0,1.0,0.0,1.0,0.0
1395,24,1.0,123994,1.0,0.0,1.0,0.0,1.0,0.0
1396,20,1.0,91270,0.0,0.0,1.0,0.0,0.0,1.0
1397,71,3.0,133245,0.0,0.0,1.0,0.0,1.0,0.0
1398,31,1.0,118594,1.0,1.0,1.0,0.0,1.0,0.0
1399,27,1.0,40606,0.0,0.0,1.0,0.0,1.0,0.0
1400,36,1.0,129304,0.0,0.0,1.0,0.0,1.0,0.0
1401,25,1.0,113118,1.0,0.0,1.0,0.0,1.0,0.0
1402,41,1.0,133131,1.0,0.0,1.0,0.0,0.0,1.0
1403,30,1.0,106876,1.0,1.0,1.0,0.0,1.0,0.0
1404,32,1.0,130870,1.0,1.0,1.0,0.0,1.0,0.0
1405,29,1.0,125621,0.0,0.0,1.0,0.0,1.0,0.0
1406,27,1.0,78923,0.0,0.0,1.0,0.0,0.0,1.0
1407,32,1.0,123983,1.0,0.0,1.0,0.0,1.0,0.0
1408,25,1.0,75184,0.0,0.0,1.0,0.0,1.0,0.0
1409,24,1.0,109693,1.0,0.0,1.0,0.0,0.0,1.0
1410,63,2.0,86273,0.0,0.0,1.0,0.0,1.0,0.0
1411,42,2.0,113190,0.0,0.0,1.0,0.0,0.0,1.0
1412,22,1.0,109274,0.0,0.0,1.0,0.0,1.0,0.0
1413,46,2.0,143489,1.0,1.0,1.0,0.0,1.0,0.0
1414,24,1.0,99570,1.0,1.0,1.0,0.0,1.0,0.0
1415,30,1.0,139468,1.0,1.0,1.0,0.0,0.0,1.0
1416,44,2.0,108627,0.0,0.0,1.0,0.0,1.0,0.0
1417,25,1.0,106355,1.0,0.0,1.0,0.0,0.0,1.0
1418,27,1.0,96952,1.0,0.0,1.0,0.0,1.0,0.0
1419,27,1.0,141502,1.0,1.0,1.0,0.0,1.0,0.0
1420,34,1.0,110420,1.0,1.0,1.0,0.0,1.0,0.0
1421,18,1.0,97741,1.0,1.0,1.0,0.0,1.0,0.0
1422,25,1.0,99583,1.0,1.0,1.0,0.0,1.0,0.0
1423,21,1.0,63698,0.0,0.0,1.0,0.0,1.0,0.0
1424,26,1.0,116688,1.0,1.0,1.0,0.0,1.0,0.0
1425,27,1.0,131542,2.0,1.0,1.0,0.0,1.0,0.0
1426,25,1.0,136055,1.0,1.0,1.0,0.0,0.0,1.0
1427,30,1.0,100195,1.0,1.0,1.0,0.0,1.0,0.0
1428,66,3.0,131001,1.0,0.0,1.0,0.0,0.0,1.0
1429,25,1.0,104062,1.0,1.0,1.0,0.0,1.0,0.0
1430,43,2.0,137689,1.0,0.0,1.0,0.0,1.0,0.0
1431,35,1.0,137705,1.0,1.0,1.0,0.0,1.0,0.0
1432,70,3.0,69915,0.0,0.0,1.0,0.0,0.0,1.0
1433,35,1.0,68731,0.0,0.0,1.0,0.0,0.0,1.0
1434,26,1.0,105726,1.0,0.0,1.0,0.0,1.0,0.0
1435,29,1.0,78078,0.0,0.0,1.0,0.0,0.0,1.0
1436,22,1.0,110835,0.0,0.0,1.0,0.0,1.0,0.0
1437,26,1.0,115531,1.0,1.0,1.0,0.0,0.0,1.0
1438,36,1.0,92723,0.0,0.0,1.0,0.0,1.0,0.0
1439,35,1.0,107509,1.0,1.0,1.0,0.0,1.0,0.0
1440,28,1.0,116763,1.0,1.0,1.0,0.0,1.0,0.0
1441,24,1.0,100733,1.0,0.0,1.0,0.0,1.0,0.0
1442,34,1.0,92652,0.0,0.0,1.0,0.0,1.0,0.0
1443,25,1.0,106987,1.0,0.0,1.0,0.0,1.0,0.0
1444,54,2.0,51882,0.0,0.0,1.0,0.0,1.0,0.0
1445,46,2.0,104751,0.0,0.0,1.0,0.0,0.0,1.0
1446,42,1.0,50947,0.0,0.0,1.0,0.0,1.0,0.0
1447,45,2.0,126986,0.0,0.0,1.0,0.0,0.0,1.0
1448,48,2.0,110223,0.0,0.0,1.0,0.0,0.0,1.0
1449,21,1.0,100591,0.0,0.0,1.0,0.0,0.0,1.0
1450,31,1.0,123257,1.0,0.0,1.0,0.0,1.0,0.0
1451,35,1.0,137736,1.0,1.0,1.0,0.0,0.0,1.0
1452,36,1.0,110221,1.0,1.0,1.0,0.0,1.0,0.0
1453,32,1.0,99703,0.0,0.0,1.0,0.0,1.0,0.0
1454,26,1.0,106667,0.0,0.0,1.0,0.0,1.0,0.0
1455,34,1.0,143319,1.0,0.0,1.0,0.0,1.0,0.0
1456,65,2.0,135557,1.0,1.0,1.0,0.0,1.0,0.0
1457,50,2.0,93390,0.0,0.0,1.0,0.0,1.0,0.0
1458,39,1.0,97577,1.0,0.0,1.0,0.0,1.0,0.0
1459,52,2.0,124196,0.0,0.0,1.0,0.0,0.0,1.0
1460,36,1.0,81136,0.0,0.0,1.0,0.0,1.0,0.0
1461,29,1.0,119439,1.0,0.0,1.0,0.0,1.0,0.0
1462,36,1.0,145231,1.0,1.0,1.0,0.0,1.0,0.0
1463,36,1.0,85623,0.0,0.0,1.0,0.0,1.0,0.0
1464,27,1.0,145373,1.0,1.0,1.0,0.0,1.0,0.0
1465,36,1.0,135896,2.0,1.0,1.0,0.0,1.0,0.0
1466,26,1.0,106470,1.0,1.0,1.0,0.0,1.0,0.0
1467,57,2.0,113334,1.0,1.0,1.0,0.0,0.0,1.0
1468,27,1.0,100560,0.0,0.0,1.0,0.0,0.0,1.0
1469,58,2.0,108442,0.0,0.0,1.0,0.0,1.0,0.0
1470,27,1.0,64472,0.0,0.0,1.0,0.0,1.0,0.0
1471,49,2.0,120207,1.0,0.0,1.0,0.0,1.0,0.0
1472,43,2.0,101680,1.0,0.0,1.0,0.0,1.0,0.0
1473,45,2.0,92342,0.0,0.0,1.0,0.0,0.0,1.0
1474,27,1.0,98611,0.0,0.0,1.0,0.0,1.0,0.0
1475,34,1.0,97613,1.0,1.0,1.0,0.0,1.0,0.0
1476,21,1.0,82298,0.0,0.0,1.0,0.0,1.0,0.0
1477,54,2.0,125302,1.0,1.0,1.0,0.0,1.0,0.0
1478,43,2.0,108725,0.0,0.0,1.0,0.0,1.0,0.0
1479,25,1.0,85569,0.0,0.0,1.0,0.0,0.0,1.0
1480,57,2.0,110372,0.0,0.0,1.0,0.0,0.0,1.0
1481,26,1.0,100511,1.0,1.0,1.0,0.0,1.0,0.0
1482,30,1.0,110455,1.0,0.0,1.0,0.0,0.0,1.0
1483,58,2.0,141993,0.0,0.0,1.0,0.0,0.0,1.0
1484,25,1.0,121789,1.0,1.0,1.0,0.0,1.0,0.0
1485,23,1.0,138967,1.0,0.0,1.0,0.0,1.0,0.0
1486,22,1.0,105230,1.0,0.0,1.0,0.0,0.0,1.0
1487,21,1.0,90656,1.0,1.0,1.0,0.0,1.0,0.0
1488,20,1.0,115445,1.0,1.0,1.0,0.0,1.0,0.0
1489,22,1.0,59955,0.0,0.0,1.0,0.0,1.0,0.0
1490,27,1.0,126268,1.0,1.0,1.0,0.0,0.0,1.0
1491,24,1.0,80830,0.0,0.0,1.0,0.0,0.0,1.0
1492,23,1.0,123625,1.0,0.0,1.0,0.0,1.0,0.0
1493,26,1.0,102543,1.0,1.0,1.0,0.0,1.0,0.0
1494,28,1.0,101948,1.0,0.0,1.0,0.0,0.0,1.0
1495,64,3.0,142280,1.0,0.0,1.0,0.0,1.0,0.0
1496,26,1.0,105434,1.0,1.0,1.0,0.0,1.0,0.0
1497,31,1.0,106115,1.0,0.0,1.0,0.0,1.0,0.0
1498,28,1.0,111057,0.0,0.0,1.0,0.0,0.0,1.0
1499,25,1.0,117758,1.0,1.0,1.0,0.0,1.0,0.0
1500,49,2.0,118396,0.0,0.0,1.0,0.0,0.0,1.0
1501,33,1.0,136260,1.0,1.0,1.0,0.0,1.0,0.0
1502,27,1.0,97192,1.0,0.0,1.0,0.0,0.0,1.0
1503,59,2.0,62101,0.0,0.0,1.0,0.0,1.0,0.0
1504,28,1.0,123497,1.0,0.0,1.0,0.0,1.0,0.0
1505,24,1.0,120326,1.0,1.0,1.0,0.0,1.0,0.0
1506,26,1.0,66645,0.0,0.0,1.0,0.0,1.0,0.0
1507,33,1.0,83429,0.0,0.0,1.0,0.0,0.0,1.0
1508,37,1.0,107539,1.0,1.0,1.0,0.0,0.0,1.0
1509,46,2.0,153880,1.0,0.0,1.0,0.0,1.0,0.0
1510,62,2.0,140178,0.0,1.0,1.0,0.0,1.0,0.0
1511,26,1.0,100402,0.0,0.0,1.0,0.0,0.0,1.0
1512,49,2.0,122158,0.0,0.0,1.0,0.0,1.0,0.0
1513,25,1.0,89331,0.0,0.0,1.0,0.0,1.0,0.0
1514,37,1.0,125359,0.0,0.0,1.0,0.0,1.0,0.0
1515,31,1.0,124110,1.0,0.0,1.0,0.0,0.0,1.0
1516,25,1.0,93526,0.0,0.0,1.0,0.0,0.0,1.0
1517,21,1.0,70170,0.0,0.0,1.0,0.0,1.0,0.0
1518,27,1.0,82357,0.0,0.0,1.0,0.0,1.0,0.0
1519,29,1.0,126745,1.0,0.0,1.0,0.0,1.0,0.0
1520,30,1.0,103326,1.0,1.0,1.0,0.0,1.0,0.0
1521,26,1.0,116048,1.0,1.0,1.0,0.0,1.0,0.0
1522,40,2.0,137115,0.0,0.0,1.0,0.0,1.0,0.0
1523,23,1.0,105365,1.0,1.0,1.0,0.0,1.0,0.0
1524,31,1.0,95911,1.0,0.0,1.0,0.0,1.0,0.0
1525,29,1.0,88669,0.0,0.0,1.0,0.0,1.0,0.0
1526,22,1.0,103776,0.0,0.0,1.0,0.0,0.0,1.0
1527,26,1.0,108864,1.0,1.0,1.0,0.0,1.0,0.0
1528,39,1.0,106037,1.0,1.0,1.0,0.0,0.0,1.0
1529,35,1.0,84851,0.0,0.0,1.0,0.0,0.0,1.0
1530,26,1.0,95748,1.0,1.0,1.0,0.0,1.0,0.0
1531,28,1.0,133616,1.0,1.0,1.0,0.0,1.0,0.0
1532,56,2.0,132752,1.0,0.0,1.0,0.0,1.0,0.0
1533,22,1.0,95712,1.0,1.0,1.0,0.0,1.0,0.0
1534,26,1.0,109063,1.0,0.0,1.0,0.0,1.0,0.0
1535,41,1.0,113521,1.0,0.0,1.0,0.0,0.0,1.0
1536,29,1.0,109380,1.0,1.0,1.0,0.0,1.0,0.0
1537,42,2.0,82558,0.0,0.0,1.0,0.0,1.0,0.0
1538,50,2.0,124777,1.0,1.0,1.0,0.0,1.0,0.0
1539,33,1.0,133542,1.0,0.0,1.0,0.0,1.0,0.0
1540,28,1.0,116492,1.0,1.0,1.0,0.0,1.0,0.0
1541,27,1.0,68834,0.0,0.0,1.0,0.0,1.0,0.0
1542,27,1.0,124023,1.0,0.0,1.0,0.0,1.0,0.0
1543,28,1.0,63882,0.0,0.0,1.0,0.0,0.0,1.0
1544,24,1.0,122492,1.0,1.0,1.0,0.0,1.0,0.0
1545,28,1.0,141453,2.0,1.0,1.0,0.0,0.0,1.0
1546,32,1.0,99327,1.0,0.0,1.0,0.0,1.0,0.0
1547,32,1.0,45590,0.0,0.0,1.0,0.0,0.0,1.0
1548,30,1.0,71167,0.0,0.0,1.0,0.0,0.0,1.0
1549,29,1.0,111992,1.0,0.0,1.0,0.0,1.0,0.0
1550,37,1.0,145140,1.0,1.0,1.0,0.0,1.0,0.0
1551,24,1.0,49672,0.0,0.0,1.0,0.0,1.0,0.0
1552,36,1.0,75536,0.0,0.0,1.0,0.0,1.0,0.0
1553,40,2.0,86720,0.0,0.0,1.0,0.0,1.0,0.0
1554,51,2.0,97729,0.0,0.0,1.0,0.0,1.0,0.0
1555,33,1.0,106808,0.0,0.0,1.0,0.0,1.0,0.0
1556,31,1.0,117971,1.0,0.0,1.0,0.0,0.0,1.0
1557,29,1.0,97731,1.0,1.0,1.0,0.0,1.0,0.0
1558,48,2.0,109196,0.0,0.0,1.0,0.0,0.0,1.0
1559,25,1.0,94905,1.0,0.0,1.0,0.0,1.0,0.0
1560,28,1.0,57480,0.0,0.0,1.0,0.0,0.0,1.0
1561,23,1.0,109175,1.0,1.0,1.0,0.0,1.0,0.0
1562,32,1.0,111174,1.0,1.0,1.0,0.0,1.0,0.0
1563,34,1.0,127255,1.0,0.0,1.0,0.0,1.0,0.0
1564,23,1.0,115499,1.0,0.0,1.0,0.0,0.0,1.0
1565,25,1.0,109499,1.0,1.0,1.0,0.0,1.0,0.0
1566,25,1.0,104696,1.0,0.0,1.0,0.0,0.0,1.0
1567,27,1.0,104467,1.0,0.0,1.0,0.0,1.0,0.0
1568,29,1.0,120157,1.0,0.0,1.0,0.0,1.0,0.0
1569,46,2.0,81200,0.0,0.0,1.0,0.0,1.0,0.0
1570,61,2.0,97558,0.0,0.0,1.0,0.0,1.0,0.0
1571,25,1.0,95914,1.0,0.0,1.0,0.0,1.0,0.0
1572,67,3.0,128053,1.0,0.0,1.0,0.0,1.0,0.0
1573,49,2.0,101734,0.0,0.0,1.0,0.0,1.0,0.0
1574,21,1.0,126009,1.0,0.0,1.0,0.0,1.0,0.0
1575,19,1.0,91232,0.0,0.0,1.0,0.0,0.0,1.0
1576,67,3.0,128343,0.0,0.0,1.0,0.0,1.0,0.0
1577,31,1.0,110040,1.0,1.0,1.0,0.0,1.0,0.0
1578,27,1.0,38247,0.0,0.0,1.0,0.0,1.0,0.0
1579,37,1.0,129027,0.0,0.0,1.0,0.0,1.0,0.0
1580,27,1.0,115026,1.0,0.0,1.0,0.0,1.0,0.0
1581,36,1.0,130323,1.0,0.0,1.0,0.0,0.0,1.0
1582,24,1.0,103181,1.0,1.0,1.0,0.0,1.0,0.0
1583,31,1.0,138307,1.0,1.0,1.0,0.0,1.0,0.0
1584,29,1.0,122564,0.0,0.0,1.0,0.0,1.0,0.0
1585,28,1.0,82351,0.0,0.0,1.0,0.0,0.0,1.0
1586,34,1.0,125351,1.0,0.0,1.0,0.0,1.0,0.0
1587,26,1.0,82940,0.0,0.0,1.0,0.0,1.0,0.0
1588,21,1.0,108029,1.0,0.0,1.0,0.0,0.0,1.0
1589,63,2.0,82734,0.0,0.0,1.0,0.0,1.0,0.0
1590,38,2.0,116816,0.0,0.0,1.0,0.0,0.0,1.0
1591,20,1.0,113472,0.0,0.0,1.0,0.0,1.0,0.0
1592,44,2.0,143343,1.0,1.0,1.0,0.0,1.0,0.0
1593,31,1.0,104074,1.0,1.0,1.0,0.0,1.0,0.0
1594,33,1.0,138525,1.0,1.0,1.0,0.0,0.0,1.0
1595,49,2.0,106960,0.0,0.0,1.0,0.0,1.0,0.0
1596,26,1.0,108323,1.0,0.0,1.0,0.0,0.0,1.0
1597,28,1.0,95784,1.0,0.0,1.0,0.0,1.0,0.0
1598,30,1.0,140673,1.0,1.0,1.0,0.0,1.0,0.0
1599,36,1.0,104235,1.0,1.0,1.0,0.0,1.0,0.0
1600,27,1.0,54041,0.0,0.0,1.0,0.0,1.0,0.0
1601,23,0.0,107961,0.0,0.0,0.0,1.0,0.0,1.0
1602,31,0.0,113757,1.0,0.0,0.0,1.0,0.0,1.0
1603,27,1.0,94884,1.0,0.0,1.0,0.0,1.0,0.0
1604,25,1.0,126041,1.0,0.0,1.0,0.0,1.0,0.0
1605,23,1.0,64952,0.0,0.0,1.0,0.0,1.0,0.0
1606,27,1.0,66764,0.0,0.0,0.0,1.0,1.0,0.0
1607,38,1.0,67861,0.0,0.0,1.0,0.0,0.0,1.0
1608,44,1.0,113516,0.0,0.0,0.0,1.0,0.0,1.0
1609,42,1.0,46109,0.0,0.0,1.0,0.0,1.0,0.0
1610,25,1.0,103651,0.0,0.0,1.0,0.0,1.0,0.0
1611,40,1.0,75043,0.0,0.0,0.0,1.0,1.0,0.0
1612,24,1.0,116473,0.0,0.0,1.0,0.0,1.0,0.0
1613,39,1.0,96614,0.0,0.0,1.0,0.0,0.0,1.0
1614,24,0.0,66447,0.0,0.0,0.0,1.0,0.0,1.0
1615,50,1.0,119068,1.0,0.0,1.0,0.0,0.0,1.0
1616,28,1.0,122973,0.0,0.0,1.0,0.0,1.0,0.0
1617,36,1.0,81609,0.0,0.0,1.0,0.0,1.0,0.0
1618,36,1.0,105519,1.0,0.0,0.0,1.0,0.0,1.0
1619,40,1.0,86649,0.0,0.0,1.0,0.0,1.0,0.0
1620,31,0.0,76384,0.0,0.0,1.0,0.0,0.0,1.0
1621,27,1.0,67136,0.0,0.0,0.0,1.0,1.0,0.0
1622,35,1.0,93155,0.0,0.0,1.0,0.0,1.0,0.0
1623,51,1.0,124183,0.0,0.0,0.0,1.0,0.0,1.0
1624,26,0.0,64860,0.0,0.0,1.0,0.0,0.0,1.0
1625,33,1.0,87232,0.0,0.0,0.0,1.0,0.0,1.0
1626,27,1.0,92304,0.0,0.0,1.0,0.0,1.0,0.0
1627,38,1.0,84254,0.0,0.0,0.0,1.0,0.0,1.0
1628,30,0.0,106696,1.0,0.0,1.0,0.0,0.0,1.0
1629,28,0.0,113212,1.0,0.0,0.0,1.0,0.0,1.0
1630,23,0.0,71076,0.0,0.0,0.0,1.0,0.0,1.0
1631,23,1.0,114270,0.0,0.0,1.0,0.0,1.0,0.0
1632,26,1.0,125538,1.0,0.0,1.0,0.0,1.0,0.0
1633,21,1.0,92442,0.0,0.0,1.0,0.0,1.0,0.0
1634,36,1.0,75297,0.0,0.0,1.0,0.0,0.0,1.0
1635,24,1.0,65707,0.0,0.0,1.0,0.0,1.0,0.0
1636,41,1.0,120387,1.0,0.0,0.0,1.0,0.0,1.0
1637,42,1.0,120946,1.0,0.0,0.0,1.0,0.0,1.0
1638,27,0.0,73265,0.0,0.0,0.0,1.0,0.0,1.0
1639,40,1.0,77481,0.0,0.0,0.0,1.0,1.0,0.0
1640,34,1.0,91282,0.0,0.0,1.0,0.0,1.0,0.0
1641,40,1.0,104405,0.0,0.0,0.0,1.0,0.0,1.0
1642,33,1.0,99646,1.0,0.0,0.0,1.0,0.0,1.0
1643,49,1.0,97791,0.0,0.0,1.0,0.0,0.0,1.0
1644,28,0.0,81878,0.0,0.0,0.0,1.0,0.0,1.0
1645,26,1.0,107908,1.0,0.0,1.0,0.0,1.0,0.0
1646,40,1.0,98608,0.0,0.0,1.0,0.0,0.0,1.0
1647,47,1.0,95228,0.0,0.0,0.0,1.0,0.0,1.0
1648,41,1.0,128163,1.0,0.0,1.0,0.0,1.0,0.0
1649,29,1.0,94325,0.0,0.0,1.0,0.0,1.0,0.0
1650,37,1.0,90815,0.0,0.0,1.0,0.0,1.0,0.0
1651,31,0.0,120719,1.0,0.0,0.0,1.0,0.0,1.0
1652,35,1.0,110159,1.0,0.0,0.0,1.0,0.0,1.0
1653,35,1.0,124490,1.0,0.0,0.0,1.0,0.0,1.0
1654,29,1.0,75161,0.0,0.0,1.0,0.0,1.0,0.0
1655,37,1.0,127206,1.0,0.0,1.0,0.0,0.0,1.0
1656,37,1.0,83660,0.0,0.0,0.0,1.0,0.0,1.0
1657,26,1.0,87400,0.0,0.0,1.0,0.0,1.0,0.0
1658,28,1.0,78942,0.0,0.0,1.0,0.0,1.0,0.0
1659,23,1.0,88452,0.0,0.0,1.0,0.0,1.0,0.0
1660,38,1.0,104128,1.0,0.0,0.0,1.0,0.0,1.0
1661,30,1.0,100313,1.0,0.0,1.0,0.0,1.0,0.0
1662,45,1.0,107387,1.0,0.0,1.0,0.0,0.0,1.0
1663,24,0.0,84355,0.0,0.0,0.0,1.0,0.0,1.0
1664,35,1.0,112723,1.0,0.0,1.0,0.0,0.0,1.0
1665,41,1.0,115892,1.0,0.0,1.0,0.0,1.0,0.0
1666,30,1.0,106597,1.0,0.0,0.0,1.0,1.0,0.0
1667,30,1.0,121327,1.0,0.0,1.0,0.0,1.0,0.0
1668,26,1.0,92559,0.0,0.0,1.0,0.0,1.0,0.0
1669,25,1.0,87537,0.0,0.0,1.0,0.0,1.0,0.0
1670,23,1.0,70569,0.0,0.0,1.0,0.0,1.0,0.0
1671,27,1.0,85294,0.0,0.0,1.0,0.0,1.0,0.0
1672,26,0.0,70905,0.0,0.0,1.0,0.0,0.0,1.0
1673,25,0.0,103716,0.0,0.0,0.0,1.0,0.0,1.0
1674,27,1.0,94947,1.0,0.0,0.0,1.0,1.0,0.0
1675,42,1.0,80116,0.0,0.0,1.0,0.0,0.0,1.0
1676,35,1.0,86492,0.0,0.0,0.0,1.0,0.0,1.0
1677,25,1.0,88672,0.0,0.0,1.0,0.0,1.0,0.0
1678,26,1.0,82984,0.0,0.0,1.0,0.0,1.0,0.0
1679,38,1.0,128100,1.0,0.0,0.0,1.0,0.0,1.0
1680,28,0.0,72869,0.0,0.0,1.0,0.0,0.0,1.0
1681,33,1.0,112227,1.0,0.0,0.0,1.0,1.0,0.0
1682,40,1.0,94674,0.0,0.0,1.0,0.0,0.0,1.0
1683,23,1.0,101003,1.0,0.0,1.0,0.0,1.0,0.0
1684,25,0.0,112924,1.0,0.0,1.0,0.0,0.0,1.0
1685,28,0.0,108645,0.0,0.0,1.0,0.0,0.0,1.0
1686,41,1.0,69415,0.0,0.0,0.0,1.0,0.0,1.0
1687,50,1.0,112204,0.0,0.0,1.0,0.0,0.0,1.0
1688,23,1.0,109700,1.0,0.0,1.0,0.0,1.0,0.0
1689,26,1.0,104484,1.0,0.0,1.0,0.0,1.0,0.0
1690,22,1.0,61239,0.0,0.0,1.0,0.0,1.0,0.0
1691,37,1.0,119602,0.0,0.0,0.0,1.0,0.0,1.0
1692,38,1.0,81014,0.0,0.0,1.0,0.0,0.0,1.0
1693,22,1.0,68165,0.0,0.0,1.0,0.0,1.0,0.0
1694,30,0.0,88652,0.0,0.0,1.0,0.0,0.0,1.0
1695,38,1.0,75705,0.0,0.0,0.0,1.0,0.0,1.0
1696,36,1.0,104189,1.0,0.0,1.0,0.0,1.0,0.0
1697,41,1.0,71603,0.0,0.0,0.0,1.0,0.0,1.0
1698,29,1.0,121914,1.0,0.0,1.0,0.0,1.0,0.0
1699,31,1.0,106637,1.0,0.0,1.0,0.0,1.0,0.0
1700,31,0.0,99800,1.0,0.0,1.0,0.0,0.0,1.0
1701,21,0.0,67629,0.0,0.0,1.0,0.0,0.0,1.0
1702,32,0.0,120354,1.0,0.0,0.0,1.0,0.0,1.0
1703,35,1.0,122110,1.0,0.0,1.0,0.0,1.0,0.0
1704,29,0.0,89170,0.0,0.0,0.0,1.0,0.0,1.0
1705,34,1.0,109195,1.0,0.0,1.0,0.0,0.0,1.0
1706,38,1.0,92392,0.0,0.0,1.0,0.0,0.0,1.0
1707,33,1.0,43805,0.0,0.0,1.0,0.0,1.0,0.0
1708,28,1.0,68389,0.0,0.0,1.0,0.0,1.0,0.0
1709,28,1.0,112521,1.0,0.0,1.0,0.0,1.0,0.0
1710,21,0.0,59255,0.0,0.0,0.0,1.0,0.0,1.0
1711,29,1.0,98612,0.0,0.0,1.0,0.0,1.0,0.0
1712,26,1.0,70649,0.0,0.0,1.0,0.0,1.0,0.0
1713,40,1.0,95228,0.0,0.0,1.0,0.0,0.0,1.0
1714,25,0.0,46865,0.0,0.0,1.0,0.0,0.0,1.0
1715,20,1.0,101688,1.0,0.0,0.0,1.0,1.0,0.0
1716,23,1.0,62618,0.0,0.0,1.0,0.0,1.0,0.0
1717,27,0.0,102531,1.0,0.0,1.0,0.0,0.0,1.0
1718,36,1.0,100737,1.0,0.0,1.0,0.0,0.0,1.0
1719,25,1.0,107321,1.0,0.0,1.0,0.0,1.0,0.0
1720,25,1.0,112879,0.0,0.0,1.0,0.0,1.0,0.0
1721,34,1.0,125372,0.0,0.0,1.0,0.0,1.0,0.0
1722,24,0.0,69419,0.0,0.0,1.0,0.0,0.0,1.0
1723,36,1.0,124759,1.0,0.0,1.0,0.0,0.0,1.0
1724,40,1.0,79076,0.0,0.0,1.0,0.0,0.0,1.0
1725,39,1.0,84779,0.0,0.0,0.0,1.0,0.0,1.0
1726,42,1.0,77393,0.0,0.0,1.0,0.0,0.0,1.0
1727,35,1.0,113187,0.0,0.0,0.0,1.0,0.0,1.0
1728,27,1.0,99100,1.0,0.0,1.0,0.0,1.0,0.0
1729,27,0.0,64954,0.0,0.0,0.0,1.0,0.0,1.0
1730,23,1.0,103244,1.0,0.0,1.0,0.0,1.0,0.0
1731,32,1.0,124975,1.0,0.0,1.0,0.0,1.0,0.0
1732,28,1.0,133582,1.0,0.0,0.0,1.0,1.0,0.0
1733,22,0.0,103519,1.0,0.0,0.0,1.0,0.0,1.0
1734,31,0.0,117813,1.0,0.0,0.0,1.0,0.0,1.0
1735,22,1.0,119902,1.0,0.0,1.0,0.0,1.0,0.0
1736,23,0.0,70783,0.0,0.0,0.0,1.0,0.0,1.0
1737,35,1.0,125470,0.0,0.0,1.0,0.0,1.0,0.0
1738,26,1.0,109782,0.0,0.0,1.0,0.0,1.0,0.0
1739,28,1.0,78322,0.0,0.0,1.0,0.0,1.0,0.0
1740,54,1.0,125517,1.0,0.0,0.0,1.0,0.0,1.0
1741,49,1.0,102463,0.0,0.0,1.0,0.0,0.0,1.0
1742,38,1.0,89309,0.0,0.0,1.0,0.0,0.0,1.0
1743,47,1.0,110287,1.0,0.0,1.0,0.0,0.0,1.0
1744,49,1.0,122391,0.0,0.0,1.0,0.0,0.0,1.0
1745,30,1.0,116399,1.0,0.0,1.0,0.0,1.0,0.0
1746,32,0.0,81907,0.0,0.0,1.0,0.0,0.0,1.0
1747,24,1.0,97909,0.0,0.0,1.0,0.0,1.0,0.0
1748,25,0.0,68051,0.0,0.0,1.0,0.0,0.0,1.0
1749,33,1.0,82414,0.0,0.0,0.0,1.0,0.0,1.0
1750,34,1.0,123089,1.0,0.0,1.0,0.0,1.0,0.0
1751,24,1.0,66537,0.0,0.0,1.0,0.0,1.0,0.0
1752,36,1.0,127926,0.0,0.0,1.0,0.0,0.0,1.0
1753,41,1.0,78963,0.0,0.0,1.0,0.0,0.0,1.0
1754,33,1.0,108694,1.0,0.0,0.0,1.0,1.0,0.0
1755,26,1.0,100892,1.0,0.0,1.0,0.0,1.0,0.0
1756,36,1.0,119560,1.0,0.0,1.0,0.0,0.0,1.0
1757,35,1.0,116176,0.0,0.0,1.0,0.0,0.0,1.0
1758,29,0.0,111854,1.0,0.0,0.0,1.0,0.0,1.0
1759,26,1.0,69831,0.0,0.0,1.0,0.0,1.0,0.0
1760,31,0.0,69375,0.0,0.0,0.0,1.0,0.0,1.0
1761,26,1.0,71310,0.0,0.0,0.0,1.0,1.0,0.0
1762,47,1.0,73913,0.0,0.0,0.0,1.0,0.0,1.0
1763,20,1.0,95492,1.0,0.0,0.0,1.0,1.0,0.0
1764,45,1.0,109329,0.0,0.0,0.0,1.0,0.0,1.0
1765,36,1.0,116027,1.0,0.0,0.0,1.0,0.0,1.0
1766,31,1.0,81987,0.0,0.0,0.0,1.0,1.0,0.0
1767,41,1.0,83481,0.0,0.0,1.0,0.0,0.0,1.0
1768,31,0.0,72361,0.0,0.0,1.0,0.0,0.0,1.0
1769,27,1.0,106625,0.0,0.0,1.0,0.0,1.0,0.0
1770,32,1.0,123707,1.0,0.0,1.0,0.0,1.0,0.0
1771,43,1.0,79353,0.0,0.0,1.0,0.0,0.0,1.0
1772,32,0.0,68347,0.0,0.0,1.0,0.0,0.0,1.0
1773,29,1.0,115832,1.0,0.0,1.0,0.0,1.0,0.0
1774,37,1.0,89946,0.0,0.0,0.0,1.0,0.0,1.0
1775,35,1.0,86319,0.0,0.0,1.0,0.0,0.0,1.0
1776,23,1.0,70963,0.0,0.0,1.0,0.0,1.0,0.0
1777,40,1.0,106120,1.0,0.0,0.0,1.0,0.0,1.0
1778,26,1.0,97856,1.0,0.0,1.0,0.0,1.0,0.0
1779,28,0.0,61824,0.0,0.0,0.0,1.0,0.0,1.0
1780,40,1.0,103907,1.0,0.0,1.0,0.0,1.0,0.0
1781,26,1.0,99953,0.0,0.0,1.0,0.0,1.0,0.0
1782,23,1.0,113413,1.0,0.0,1.0,0.0,1.0,0.0
1783,26,0.0,107091,0.0,0.0,0.0,1.0,0.0,1.0
1784,26,0.0,124783,1.0,0.0,0.0,1.0,0.0,1.0
1785,49,1.0,92281,0.0,0.0,1.0,0.0,0.0,1.0
1786,26,1.0,96219,1.0,0.0,1.0,0.0,1.0,0.0
1787,35,1.0,86221,0.0,0.0,1.0,0.0,0.0,1.0
1788,24,1.0,80962,0.0,0.0,1.0,0.0,1.0,0.0
1789,46,1.0,78754,0.0,0.0,1.0,0.0,0.0,1.0
1790,26,0.0,60026,0.0,0.0,0.0,1.0,0.0,1.0
1791,47,1.0,88157,0.0,0.0,0.0,1.0,0.0,1.0
1792,27,0.0,59881,0.0,0.0,0.0,1.0,0.0,1.0
1793,41,1.0,112818,1.0,0.0,0.0,1.0,1.0,0.0
1794,29,1.0,102250,1.0,0.0,1.0,0.0,1.0,0.0
1795,28,1.0,38980,0.0,0.0,1.0,0.0,1.0,0.0
1796,33,1.0,81807,0.0,0.0,1.0,0.0,1.0,0.0
1797,50,1.0,93148,0.0,0.0,1.0,0.0,0.0,1.0
1798,32,1.0,108032,1.0,0.0,1.0,0.0,1.0,0.0
1799,31,1.0,89335,0.0,0.0,0.0,1.0,1.0,0.0
1800,52,1.0,95639,0.0,0.0,0.0,1.0,0.0,1.0
1801,53,1.0,124902,1.0,0.0,0.0,1.0,0.0,1.0
1802,34,1.0,87801,0.0,0.0,1.0,0.0,1.0,0.0
1803,22,1.0,92538,1.0,0.0,1.0,0.0,1.0,0.0
1804,33,1.0,83687,0.0,0.0,0.0,1.0,1.0,0.0
1805,32,0.0,128310,1.0,0.0,0.0,1.0,0.0,1.0
1806,45,1.0,104754,0.0,0.0,1.0,0.0,0.0,1.0
1807,25,1.0,68222,0.0,0.0,0.0,1.0,1.0,0.0
1808,41,1.0,97006,0.0,0.0,1.0,0.0,1.0,0.0
1809,36,1.0,107372,0.0,0.0,1.0,0.0,0.0,1.0
1810,27,1.0,110511,1.0,0.0,1.0,0.0,1.0,0.0
1811,40,1.0,72193,0.0,0.0,0.0,1.0,0.0,1.0
1812,37,1.0,95972,0.0,0.0,1.0,0.0,0.0,1.0
1813,35,1.0,105556,0.0,0.0,0.0,1.0,0.0,1.0
1814,34,1.0,88701,0.0,0.0,0.0,1.0,0.0,1.0
1815,28,0.0,117710,1.0,0.0,1.0,0.0,0.0,1.0
1816,44,1.0,76057,0.0,0.0,1.0,0.0,0.0,1.0
1817,27,1.0,100392,1.0,0.0,0.0,1.0,1.0,0.0
1818,50,1.0,113308,1.0,0.0,1.0,0.0,0.0,1.0
1819,18,1.0,100924,1.0,0.0,1.0,0.0,1.0,0.0
1820,25,0.0,72188,0.0,0.0,1.0,0.0,0.0,1.0
1821,40,1.0,70431,0.0,0.0,1.0,0.0,1.0,0.0
1822,28,1.0,110103,1.0,0.0,0.0,1.0,1.0,0.0
1823,23,1.0,60825,0.0,0.0,1.0,0.0,1.0,0.0
1824,35,1.0,75100,0.0,0.0,1.0,0.0,1.0,0.0
1825,28,1.0,129327,1.0,0.0,1.0,0.0,1.0,0.0
1826,23,0.0,95541,1.0,0.0,1.0,0.0,0.0,1.0
1827,34,1.0,112777,1.0,0.0,0.0,1.0,1.0,0.0
1828,29,1.0,51496,0.0,0.0,1.0,0.0,1.0,0.0
1829,35,1.0,102781,1.0,0.0,1.0,0.0,0.0,1.0
1830,32,1.0,87494,0.0,0.0,1.0,0.0,1.0,0.0
1831,46,1.0,72728,0.0,0.0,1.0,0.0,0.0,1.0
1832,27,1.0,114775,1.0,0.0,1.0,0.0,1.0,0.0
1833,25,1.0,124359,1.0,0.0,1.0,0.0,1.0,0.0
1834,27,1.0,101620,0.0,0.0,1.0,0.0,1.0,0.0
1835,24,1.0,87964,0.0,0.0,1.0,0.0,1.0,0.0
1836,33,0.0,69523,0.0,0.0,1.0,0.0,0.0,1.0
1837,24,1.0,109486,1.0,0.0,1.0,0.0,1.0,0.0
1838,28,0.0,77206,0.0,0.0,1.0,0.0,0.0,1.0
1839,35,1.0,53608,0.0,0.0,1.0,0.0,0.0,1.0
1840,30,1.0,118677,1.0,0.0,1.0,0.0,1.0,0.0
1841,43,1.0,116512,1.0,0.0,0.0,1.0,0.0,1.0
1842,21,1.0,114756,0.0,0.0,0.0,1.0,1.0,0.0
1843,24,1.0,65852,0.0,0.0,1.0,0.0,1.0,0.0
1844,34,1.0,75626,0.0,0.0,0.0,1.0,0.0,1.0
1845,26,1.0,127455,1.0,0.0,1.0,0.0,1.0,0.0
1846,37,1.0,107073,1.0,0.0,0.0,1.0,0.0,1.0
1847,32,1.0,82196,0.0,0.0,1.0,0.0,1.0,0.0
1848,33,1.0,106741,0.0,0.0,1.0,0.0,1.0,0.0
1849,28,1.0,94518,1.0,0.0,0.0,1.0,1.0,0.0
1850,30,1.0,114430,1.0,0.0,1.0,0.0,1.0,0.0
1851,26,1.0,57165,0.0,0.0,1.0,0.0,1.0,0.0
1852,25,0.0,109610,0.0,0.0,1.0,0.0,0.0,1.0
1853,33,0.0,113619,1.0,0.0,0.0,1.0,0.0,1.0
1854,30,1.0,93854,1.0,0.0,1.0,0.0,1.0,0.0
1855,26,1.0,129022,1.0,0.0,1.0,0.0,1.0,0.0
1856,23,1.0,66804,0.0,0.0,0.0,1.0,1.0,0.0
1857,25,1.0,62689,0.0,0.0,0.0,1.0,1.0,0.0
1858,40,1.0,67619,0.0,0.0,1.0,0.0,0.0,1.0
1859,46,1.0,113495,0.0,0.0,0.0,1.0,0.0,1.0
1860,43,1.0,48632,0.0,0.0,1.0,0.0,1.0,0.0
1861,22,1.0,107394,0.0,0.0,1.0,0.0,1.0,0.0
1862,39,1.0,72385,0.0,0.0,0.0,1.0,1.0,0.0
1863,27,1.0,115934,0.0,0.0,1.0,0.0,1.0,0.0
1864,40,1.0,93183,0.0,0.0,0.0,1.0,0.0,1.0
1865,24,0.0,63506,0.0,0.0,0.0,1.0,0.0,1.0
1866,52,1.0,113619,1.0,0.0,1.0,0.0,0.0,1.0
1867,30,1.0,121399,0.0,0.0,1.0,0.0,1.0,0.0
1868,34,1.0,78281,0.0,0.0,1.0,0.0,1.0,0.0
1869,38,1.0,103926,1.0,0.0,1.0,0.0,0.0,1.0
1870,39,1.0,89097,0.0,0.0,0.0,1.0,1.0,0.0
1871,29,0.0,80852,0.0,0.0,1.0,0.0,0.0,1.0
1872,25,1.0,65207,0.0,0.0,0.0,1.0,1.0,0.0
1873,35,1.0,93495,0.0,0.0,1.0,0.0,1.0,0.0
1874,53,1.0,121970,0.0,0.0,0.0,1.0,0.0,1.0
1875,26,0.0,62027,0.0,0.0,0.0,1.0,0.0,1.0
1876,33,1.0,88602,0.0,0.0,0.0,1.0,0.0,1.0
1877,29,1.0,89914,0.0,0.0,0.0,1.0,1.0,0.0
1878,39,1.0,83342,0.0,0.0,0.0,1.0,0.0,1.0
1879,29,0.0,103439,1.0,0.0,0.0,1.0,0.0,1.0
1880,26,0.0,115451,1.0,0.0,0.0,1.0,0.0,1.0
1881,24,0.0,68250,0.0,0.0,0.0,1.0,0.0,1.0
1882,21,1.0,113630,0.0,0.0,1.0,0.0,1.0,0.0
1883,26,1.0,125880,1.0,0.0,1.0,0.0,1.0,0.0
1884,20,1.0,91177,0.0,0.0,1.0,0.0,1.0,0.0
1885,35,1.0,73266,0.0,0.0,1.0,0.0,0.0,1.0
1886,24,1.0,69021,0.0,0.0,1.0,0.0,1.0,0.0
1887,40,1.0,122593,1.0,0.0,1.0,0.0,0.0,1.0
1888,44,1.0,122180,1.0,0.0,1.0,0.0,0.0,1.0
1889,29,0.0,75160,0.0,0.0,0.0,1.0,0.0,1.0
1890,39,1.0,81973,0.0,0.0,1.0,0.0,1.0,0.0
1891,35,1.0,92194,0.0,0.0,1.0,0.0,1.0,0.0
1892,42,1.0,107380,0.0,0.0,0.0,1.0,0.0,1.0
1893,32,1.0,98023,1.0,0.0,1.0,0.0,0.0,1.0
1894,48,1.0,94868,0.0,0.0,0.0,1.0,0.0,1.0
1895,26,0.0,83442,0.0,0.0,0.0,1.0,0.0,1.0
1896,26,1.0,109887,1.0,0.0,1.0,0.0,1.0,0.0
1897,42,1.0,98876,0.0,0.0,0.0,1.0,0.0,1.0
1898,48,1.0,94962,0.0,0.0,0.0,1.0,0.0,1.0
1899,42,1.0,130740,1.0,0.0,1.0,0.0,1.0,0.0
1900,27,1.0,94095,0.0,0.0,1.0,0.0,1.0,0.0
1901,37,1.0,95071,0.0,0.0,1.0,0.0,1.0,0.0
1902,33,0.0,117308,1.0,0.0,0.0,1.0,0.0,1.0
1903,33,1.0,112093,1.0,0.0,0.0,1.0,0.0,1.0
1904,37,1.0,123893,1.0,0.0,1.0,0.0,0.0,1.0
1905,31,1.0,80189,0.0,0.0,1.0,0.0,1.0,0.0
1906,39,1.0,124089,1.0,0.0,0.0,1.0,0.0,1.0
1907,40,1.0,82673,0.0,0.0,1.0,0.0,0.0,1.0
1908,28,1.0,88858,0.0,0.0,1.0,0.0,1.0,0.0
1909,26,1.0,80540,0.0,0.0,1.0,0.0,1.0,0.0
1910,24,1.0,84228,0.0,0.0,1.0,0.0,1.0,0.0
1911,40,1.0,103963,1.0,0.0,0.0,1.0,0.0,1.0
1912,29,1.0,102397,1.0,0.0,1.0,0.0,1.0,0.0
1913,43,1.0,111563,1.0,0.0,0.0,1.0,0.0,1.0
1914,23,0.0,88260,0.0,0.0,0.0,1.0,0.0,1.0
1915,34,1.0,114767,1.0,0.0,1.0,0.0,0.0,1.0
1916,42,1.0,113275,1.0,0.0,1.0,0.0,1.0,0.0
1917,33,1.0,104755,1.0,0.0,1.0,0.0,1.0,0.0
1918,32,1.0,120525,1.0,0.0,1.0,0.0,1.0,0.0
1919,26,1.0,96082,0.0,0.0,1.0,0.0,1.0,0.0
1920,23,1.0,87227,0.0,0.0,1.0,0.0,1.0,0.0
1921,26,1.0,69333,0.0,0.0,1.0,0.0,1.0,0.0
1922,27,1.0,87777,0.0,0.0,1.0,0.0,1.0,0.0
1923,24,0.0,70978,0.0,0.0,0.0,1.0,0.0,1.0
1924,27,0.0,104196,0.0,0.0,0.0,1.0,0.0,1.0
1925,26,1.0,97551,1.0,0.0,1.0,0.0,1.0,0.0
1926,42,1.0,78979,0.0,0.0,1.0,0.0,0.0,1.0
1927,37,1.0,82500,0.0,0.0,1.0,0.0,0.0,1.0
1928,26,1.0,86306,0.0,0.0,1.0,0.0,1.0,0.0
1929,24,1.0,78762,0.0,0.0,1.0,0.0,1.0,0.0
1930,39,1.0,125543,1.0,0.0,1.0,0.0,0.0,1.0
1931,26,0.0,70336,0.0,0.0,0.0,1.0,0.0,1.0
1932,35,1.0,112975,1.0,0.0,0.0,1.0,1.0,0.0
1933,38,1.0,96681,0.0,0.0,0.0,1.0,0.0,1.0
1934,24,1.0,98922,1.0,0.0,1.0,0.0,1.0,0.0
1935,26,0.0,109250,1.0,0.0,1.0,0.0,0.0,1.0
1936,25,0.0,108960,0.0,0.0,0.0,1.0,0.0,1.0
1937,40,1.0,71302,0.0,0.0,0.0,1.0,0.0,1.0
1938,48,1.0,107757,0.0,0.0,1.0,0.0,0.0,1.0
1939,22,1.0,111600,1.0,0.0,1.0,0.0,1.0,0.0
1940,25,1.0,102974,1.0,0.0,1.0,0.0,1.0,0.0
1941,24,1.0,63442,0.0,0.0,0.0,1.0,1.0,0.0
1942,39,1.0,118913,0.0,0.0,0.0,1.0,0.0,1.0
1943,39,1.0,80987,0.0,0.0,0.0,1.0,0.0,1.0
1944,21,1.0,68790,0.0,0.0,1.0,0.0,1.0,0.0
1945,27,0.0,86462,0.0,0.0,1.0,0.0,0.0,1.0
1946,40,1.0,76881,0.0,0.0,0.0,1.0,0.0,1.0
1947,37,1.0,107409,1.0,0.0,1.0,0.0,1.0,0.0
1948,42,1.0,69114,0.0,0.0,1.0,0.0,0.0,1.0
1949,31,1.0,119167,1.0,0.0,1.0,0.0,1.0,0.0
1950,31,1.0,102018,1.0,0.0,1.0,0.0,1.0,0.0
1951,30,0.0,97680,1.0,0.0,0.0,1.0,0.0,1.0
1952,23,0.0,65062,0.0,0.0,1.0,0.0,0.0,1.0
1953,33,0.0,118144,1.0,0.0,0.0,1.0,0.0,1.0
1954,37,1.0,124548,1.0,0.0,1.0,0.0,1.0,0.0
1955,29,0.0,85637,0.0,0.0,1.0,0.0,0.0,1.0
1956,31,1.0,113108,1.0,0.0,1.0,0.0,0.0,1.0
1957,39,1.0,93554,0.0,0.0,0.0,1.0,0.0,1.0
1958,33,1.0,42516,0.0,0.0,1.0,0.0,1.0,0.0
1959,26,1.0,72429,0.0,0.0,0.0,1.0,1.0,0.0
1960,27,1.0,110154,1.0,0.0,1.0,0.0,1.0,0.0
1961,20,0.0,60965,0.0,0.0,1.0,0.0,0.0,1.0
1962,27,1.0,100618,0.0,0.0,1.0,0.0,1.0,0.0
1963,26,1.0,71021,0.0,0.0,1.0,0.0,1.0,0.0
1964,40,1.0,94189,0.0,0.0,0.0,1.0,0.0,1.0
1965,24,0.0,44742,0.0,0.0,0.0,1.0,0.0,1.0
1966,22,1.0,103201,1.0,0.0,1.0,0.0,1.0,0.0
1967,24,1.0,62335,0.0,0.0,1.0,0.0,1.0,0.0
1968,27,0.0,103787,1.0,0.0,1.0,0.0,0.0,1.0
1969,35,1.0,99401,1.0,0.0,0.0,1.0,0.0,1.0
1970,27,1.0,105197,1.0,0.0,0.0,1.0,1.0,0.0
1971,25,1.0,115566,0.0,0.0,1.0,0.0,1.0,0.0
1972,34,1.0,125843,0.0,0.0,1.0,0.0,1.0,0.0
1973,24,0.0,67936,0.0,0.0,1.0,0.0,0.0,1.0
1974,34,1.0,120863,1.0,0.0,1.0,0.0,0.0,1.0
1975,42,1.0,77317,0.0,0.0,0.0,1.0,0.0,1.0
1976,38,1.0,84653,0.0,0.0,1.0,0.0,0.0,1.0
1977,42,1.0,81606,0.0,0.0,0.0,1.0,0.0,1.0
1978,35,1.0,113380,0.0,0.0,1.0,0.0,0.0,1.0
1979,27,1.0,100644,1.0,0.0,1.0,0.0,1.0,0.0
1980,25,0.0,64037,0.0,0.0,0.0,1.0,0.0,1.0
1981,23,1.0,101350,1.0,0.0,1.0,0.0,1.0,0.0
1982,34,1.0,126334,1.0,0.0,1.0,0.0,1.0,0.0
1983,28,1.0,130877,1.0,0.0,1.0,0.0,1.0,0.0
1984,21,0.0,103470,1.0,0.0,0.0,1.0,0.0,1.0
1985,32,0.0,114588,1.0,0.0,1.0,0.0,0.0,1.0
1986,21,1.0,120682,1.0,0.0,1.0,0.0,1.0,0.0
1987,25,0.0,66628,0.0,0.0,0.0,1.0,0.0,1.0
1988,35,1.0,124447,0.0,0.0,1.0,0.0,1.0,0.0
1989,25,1.0,106567,0.0,0.0,1.0,0.0,1.0,0.0
1990,31,1.0,78758,0.0,0.0,1.0,0.0,1.0,0.0
1991,54,1.0,128537,1.0,0.0,0.0,1.0,0.0,1.0
1992,51,1.0,101074,0.0,0.0,1.0,0.0,0.0,1.0
1993,38,1.0,87670,0.0,0.0,1.0,0.0,0.0,1.0
1994,45,1.0,113414,1.0,0.0,0.0,1.0,0.0,1.0
1995,47,1.0,123525,0.0,0.0,1.0,0.0,0.0,1.0
1996,27,1.0,117744,1.0,0.0,1.0,0.0,1.0,0.0
1997,31,0.0,86400,0.0,0.0,0.0,1.0,0.0,1.0
1998,24,1.0,97968,0.0,0.0,1.0,0.0,1.0,0.0
1999,25,0.0,68416,0.0,0.0,0.0,1.0,0.0,1.0
