day,stockprice,percentreturn,balance,score
1,103.1,3.09%,103.1,0
2,100.82,-2.22%,103.1,2.28
2,97.67,-2.33%,97.67,0
2,98.78,-1.22%,98.78,0
2,97.56,-2.44%,97.56,0
2,102.41,2.40%,102.41,0
2,100.94,0.93%,100.94,0
2,101.81,1.81%,101.81,0
2,102.31,2.31%,102.31,0
2,99.53,-0.47%,99.53,0
2,98.23,-1.77%,98.23,0
2,101.71,1.70%,101.71,0
2,100.9,0.90%,100.9,0
2,99.09,-0.91%,99.09,0
2,97.4,-2.60%,97.4,0
2,98.95,-1.05%,98.95,0
2,99.25,-0.75%,99.25,0
2,100.81,0.81%,100.81,0
2,102.03,2.03%,102.03,0
2,100.76,0.76%,100.76,0
2,103.4,3.40%,103.4,0
2,98.5,-1.50%,98.5,0
2,102.07,2.06%,102.07,0
2,102.01,2.01%,102.01,0
2,101.8,1.79%,101.8,0
2,98.22,-1.79%,98.22,0
2,98.62,-1.38%,98.62,0
2,103.04,3.04%,103.04,0
2,102.57,2.56%,102.56,-0.01
2,98.18,-1.82%,98.18,0
2,99.46,-0.55%,99.46,0
2,103,3%,103,0
2,100.62,0.62%,100.62,0
2,101.99,1.98%,101.99,0
2,98.91,-1.10%,98.91,0
2,98.91,-1.10%,98.91,0
2,102.06,2.06%,102.06,0
2,98.15,-1.85%,98.15,0
2,99.05,-0.96%,99.05,0
2,97.04,-2.96%,97.04,0
2,98.97,-1.04%,98.97,0
2,98.29,-1.71%,98.29,0
2,101.27,1.26%,101.27,0
2,103.36,3.35%,103.36,0
2,98.88,-1.13%,98.88,0
2,103.02,3.01%,103.02,0
2,98.7,-1.30%,98.7,0
2,99.3,-0.71%,99.3,0
2,103.3,3.29%,103.3,0
2,103.19,3.18%,103.19,0
2,99.19,-0.82%,99.19,0
2,101.83,1.82%,101.83,0
2,102.25,2.25%,102.25,0
2,98.07,-1.94%,98.07,0
2,97.09,-2.91%,97.09,0
2,99.24,-0.77%,99.24,0
2,99.92,-0.08%,99.92,0
2,99.18,-0.82%,99.18,0
2,97.27,-2.74%,97.27,0
2,98.78,-1.22%,98.78,0
2,98.81,-1.19%,98.81,0
2,99,-1%,99,0
2,102.22,2.21%,102.22,0
2,102.49,2.48%,102.49,0
2,97.36,-2.65%,97.36,0
2,100.57,0.56%,100.57,0
2,102.97,2.96%,102.97,0
2,97.09,-2.91%,97.09,0
2,99.13,-0.88%,99.13,0
2,97,-3%,97,0
2,99.85,-0.16%,99.85,0
2,101.89,1.89%,101.88,-0.02
2,99.42,-0.58%,99.42,0
2,101.07,1.06%,101.07,0
2,100.82,0.81%,100.82,0
2,100.55,0.54%,100.55,0
2,102.55,2.54%,102.55,0
2,98.68,-1.32%,98.68,0
2,102.77,2.76%,102.77,0
2,99.62,-0.38%,99.62,0
2,97.81,-2.19%,97.81,0
2,102.35,2.34%,102.34,-0.01
2,99.12,-0.88%,99.12,0
2,102.03,2.03%,102.03,0
2,102.64,2.64%,102.64,0
2,101.14,1.14%,101.14,0
2,99.75,-0.25%,99.75,0
2,100.76,0.76%,100.76,0
2,97.54,-2.46%,97.54,0
2,100.45,0.45%,100.44,-0.02
2,100.91,0.90%,100.9,-0.01
2,99.33,-0.68%,99.33,0
2,98.23,-1.77%,98.23,0
2,98.01,-1.99%,98.01,0
2,97.02,-2.99%,97.02,0
2,97.96,-2.05%,97.96,0
2,98.32,-1.69%,98.32,0
2,97.24,-2.77%,97.24,0
2,98.9,-1.10%,98.9,0
2,99.2,-0.80%,99.2,0
2,100.61,0.60%,100.61,0
3,98.19,-2.61%,100.41,2.21
3,98.6,0.95%,97.67,-0.93
3,98.51,-0.28%,98.78,0.26
3,96.97,-0.61%,97.56,0.59
3,102.81,0.39%,102.41,-0.41
3,101.23,0.28%,100.94,-0.3
3,99.02,-2.75%,101.81,2.79
3,104.5,2.14%,102.31,-2.19
3,99.06,-0.48%,99.53,0.46
3,97,-1.26%,98.23,1.23
3,100.27,-1.42%,101.71,1.43
3,101.09,0.18%,100.9,-0.19
3,100.53,1.45%,99.09,-1.44
3,99.11,1.75%,97.4,-1.71
3,99.04,0.09%,98.95,-0.1
3,97.07,-2.20%,99.25,2.18
3,98.2,-2.59%,100.81,2.6
3,103,0.95%,102.03,-0.97
3,98.79,-1.96%,100.76,1.96
3,103.27,-0.13%,103.4,0.13
3,99.85,1.37%,98.5,-1.35
3,101.16,-0.90%,102.07,0.9
3,101.77,-0.24%,102.01,0.24
3,99.75,-2.02%,101.8,2.04
3,95.56,-2.71%,98.22,2.65
3,101.79,3.21%,98.62,-3.18
3,100.44,-2.53%,103.04,2.6
3,100.21,-2.31%,102.56,2.35
3,95.62,-2.61%,98.18,2.56
3,99.61,0.15%,99.46,-0.16
3,100.28,-2.65%,103,2.71
3,103.08,2.44%,100.62,-2.46
3,104.36,2.32%,101.99,-2.38
3,99.42,0.51%,98.91,-0.52
3,98.16,-0.76%,98.91,0.75
3,103.6,1.50%,102.06,-1.54
3,99.11,0.97%,98.15,-0.96
3,97.3,-1.77%,99.05,1.75
3,96.57,-0.49%,97.04,0.47
3,101.89,2.95%,98.97,-2.93
3,101.68,3.44%,98.29,-3.4
3,100,-1.26%,101.27,1.26
3,101.5,-1.80%,103.36,1.85
3,101.91,3.06%,98.88,-3.04
3,103.14,0.11%,103.02,-0.13
3,98.65,-0.06%,98.7,0.04
3,98.22,-1.09%,99.3,1.07
3,105.35,1.98%,103.3,-2.05
3,105.22,1.96%,103.19,-2.04
3,97,-2.21%,99.19,2.18
3,104.71,2.82%,101.83,-2.88
3,103.19,0.91%,102.25,-0.94
3,99.55,1.50%,98.07,-1.49
3,99.91,2.90%,97.09,-2.82
3,100.75,1.52%,99.24,-1.52
3,102.41,2.49%,99.92,-2.49
3,100.16,0.98%,99.18,-0.98
3,95.81,-1.51%,97.27,1.45
3,101.66,2.91%,98.78,-2.88
3,101.88,3.10%,98.81,-3.07
3,100.78,1.79%,99,-1.79
3,104.43,2.16%,102.22,-2.22
3,103.07,0.56%,102.49,-0.58
3,99.81,2.51%,97.36,-2.46
3,102.49,1.90%,100.57,-1.93
3,100.87,-2.04%,102.97,2.09
3,100.23,3.23%,97.09,-3.15
3,102.52,3.41%,99.13,-3.4
3,99.04,2.10%,97,-2.05
3,101.44,1.59%,99.85,-1.6
3,102.5,0.59%,101.88,-0.63
3,100.67,1.25%,99.42,-1.25
3,98.69,-2.36%,101.07,2.37
3,97.88,-2.92%,100.82,2.93
3,100.68,0.12%,100.55,-0.14
3,102.31,-0.24%,102.55,0.23
3,99.95,1.28%,98.68,-1.27
3,104.69,1.86%,102.77,-1.93
3,99.87,0.25%,99.62,-0.25
3,100.02,2.25%,97.81,-2.21
3,105.68,3.25%,102.34,-3.35
3,101.33,2.22%,99.12,-2.21
3,99.87,-2.12%,102.03,2.15
3,102.69,0.04%,102.64,-0.05
3,98.14,-2.97%,101.14,3
3,100.03,0.28%,99.75,-0.29
3,100.79,0.02%,100.76,-0.04
3,96.47,-1.10%,97.54,1.07
3,101.54,1.08%,100.44,-1.11
3,100.77,-0.14%,100.9,0.13
3,99.66,0.33%,99.33,-0.33
3,100.12,1.92%,98.23,-1.9
3,96.23,-1.82%,98.01,1.78
3,96.44,-0.60%,97.02,0.57
3,99.24,1.30%,97.96,-1.29
3,99.72,1.42%,98.32,-1.41
3,96.22,-1.05%,97.24,1.01
3,100.48,1.59%,98.9,-1.58
3,97.97,-1.24%,99.2,1.23
3,100.42,-0.19%,100.61,0.18
4,99.28,1.11%,100.41,1.12
4,96.38,-2.26%,95.47,-0.91
4,101.2,2.73%,101.47,0.26
4,98.32,1.39%,98.91,0.59
4,105.62,2.73%,105.2,-0.43
4,104.54,3.26%,104.24,-0.31
4,100.64,1.63%,103.47,2.82
4,106.68,2.08%,104.44,-2.25
4,100.96,1.91%,101.43,0.47
4,95.33,-1.73%,96.53,1.2
4,99.32,-0.95%,100.74,1.42
4,103.27,2.15%,103.07,-0.21
4,103.05,2.50%,101.57,-1.49
4,96.66,-2.48%,94.99,-1.68
4,98.96,-0.09%,98.87,-0.09
4,94.82,-2.32%,96.94,2.12
4,95.34,-2.92%,97.87,2.53
4,105.95,2.86%,104.95,-1
4,97.59,-1.22%,99.53,1.93
4,101.85,-1.38%,101.97,0.12
4,101.82,1.97%,100.44,-1.38
4,103.25,2.06%,104.17,0.92
4,99.52,-2.22%,99.75,0.23
4,99.55,-0.21%,101.59,2.04
4,94.04,-1.60%,96.65,2.6
4,99.82,-1.94%,96.71,-3.11
4,103.46,3%,106.13,2.67
4,97.32,-2.89%,99.6,2.28
4,96.6,1.02%,99.18,2.58
4,100.15,0.54%,99.99,-0.17
4,102.24,1.95%,105.01,2.77
4,104.7,1.57%,102.2,-2.5
4,104.08,-0.27%,101.71,-2.38
4,98.87,-0.56%,98.36,-0.52
4,96.88,-1.31%,97.62,0.74
4,104.99,1.34%,103.42,-1.57
4,100.9,1.80%,99.92,-0.99
4,96.32,-1.01%,98.05,1.73
4,96.46,-0.12%,96.92,0.46
4,101.2,-0.68%,98.29,-2.91
4,101.76,0.07%,98.36,-3.41
4,99.19,-0.82%,100.44,1.25
4,103.78,2.24%,105.68,1.9
4,100.71,-1.18%,97.71,-3
4,104.24,1.06%,104.11,-0.13
4,98.53,-0.13%,98.57,0.03
4,95.48,-2.79%,96.52,1.03
4,103.54,-1.72%,101.52,-2.03
4,103.6,-1.54%,101.6,-2
4,98.2,1.23%,100.41,2.2
4,106.46,1.67%,103.53,-2.93
4,103.4,0.20%,102.45,-0.96
4,98.49,-1.07%,97.02,-1.47
4,97.55,-2.37%,94.79,-2.76
4,100.27,-0.48%,98.76,-1.51
4,102.3,-0.11%,99.81,-2.49
4,100.88,0.71%,99.89,-0.99
4,99.02,3.35%,100.52,1.5
4,103.24,1.55%,100.31,-2.93
4,101.01,-0.86%,97.96,-3.06
4,100.97,0.18%,99.18,-1.79
4,105.06,0.60%,102.83,-2.24
4,106.01,2.85%,105.41,-0.61
4,98.14,-1.68%,95.73,-2.41
4,101.78,-0.70%,99.87,-1.91
4,102.45,1.56%,104.58,2.12
4,99.8,-0.43%,96.67,-3.13
4,102.05,-0.46%,98.67,-3.38
4,99.21,0.17%,97.16,-2.05
4,99.79,-1.63%,98.22,-1.58
4,104.61,2.05%,103.97,-0.65
4,98.38,-2.28%,97.15,-1.23
4,101.79,3.14%,104.24,2.44
4,99.97,2.13%,102.97,3
4,100.45,-0.23%,100.32,-0.14
4,104.62,2.25%,104.86,0.23
4,102.27,2.32%,100.97,-1.3
4,102.67,-1.93%,100.78,-1.9
4,102.63,2.76%,102.37,-0.26
4,103.11,3.08%,100.83,-2.29
4,104.21,-1.40%,100.91,-3.3
4,98.49,-2.81%,96.34,-2.15
4,102.47,2.60%,104.68,2.21
4,105.99,3.21%,105.93,-0.06
4,99.99,1.88%,103.04,3.05
4,97.31,-2.72%,97.03,-0.29
4,99.84,-0.95%,99.81,-0.04
4,95.36,-1.16%,96.41,1.04
4,102.17,0.62%,101.06,-1.11
4,102.75,1.96%,102.88,0.12
4,97.95,-1.72%,97.62,-0.33
4,100.49,0.36%,98.59,-1.9
4,99.46,3.35%,101.29,1.83
4,96.25,-0.20%,96.82,0.56
4,102.46,3.24%,101.13,-1.33
4,100.65,0.93%,99.23,-1.43
4,98.54,2.41%,99.58,1.03
4,99.56,-0.92%,97.99,-1.58
4,95.39,-2.64%,96.58,1.18
4,99.43,-0.99%,99.61,0.17
5,98.7,-0.59%,99.82,1.11
5,96.03,-0.37%,95.47,-0.57
5,99.49,-1.69%,101.47,1.98
5,101.8,3.53%,98.91,-2.9
5,105.46,-0.16%,105.2,-0.26
5,106.72,2.08%,104.24,-2.49
5,100.52,-0.12%,103.47,2.95
5,110,3.11%,104.44,-5.57
5,103.63,2.64%,101.43,-2.2
5,96.34,1.05%,96.53,0.18
5,101.47,2.16%,100.74,-0.74
5,101.97,-1.26%,103.07,1.09
5,104.36,1.27%,101.57,-2.8
5,98.04,1.42%,94.99,-3.06
5,100.66,1.71%,98.87,-1.79
5,96.54,1.81%,96.94,0.39
5,96.87,1.60%,97.87,1
5,107.55,1.51%,104.95,-2.6
5,96.56,-1.06%,99.53,2.96
5,103.71,1.82%,101.97,-1.74
5,101.36,-0.46%,100.44,-0.93
5,102.65,-0.59%,104.17,1.51
5,102.82,3.31%,99.75,-3.07
5,100.32,0.77%,101.59,1.27
5,96.44,2.55%,96.65,0.21
5,101.68,1.86%,96.71,-4.98
5,104.22,0.73%,106.13,1.9
5,97.86,0.55%,99.6,1.73
5,95.22,-1.43%,99.18,3.96
5,100.11,-0.04%,99.99,-0.13
5,101.36,-0.87%,105.01,3.65
5,101.75,-2.82%,102.2,0.45
5,104.46,0.36%,101.71,-2.75
5,102.26,3.42%,98.36,-3.91
5,95.06,-1.88%,97.62,2.56
5,104.51,-0.46%,103.42,-1.1
5,99.22,-1.67%,99.92,0.7
5,94.8,-1.58%,98.05,3.25
5,96.33,-0.14%,96.92,0.59
5,102.31,1.09%,98.29,-4.02
5,103.28,1.49%,98.36,-4.93
5,102.11,2.94%,100.44,-1.68
5,100.93,-2.75%,105.68,4.75
5,103.58,2.84%,97.71,-5.88
5,102.61,-1.57%,104.11,1.5
5,98.68,0.15%,98.57,-0.12
5,95.66,0.18%,96.52,0.85
5,103.93,0.37%,101.52,-2.42
5,106.44,2.74%,101.6,-4.85
5,98.45,0.25%,100.41,1.95
5,104.44,-1.90%,103.53,-0.91
5,100.59,-2.72%,102.45,1.85
5,97.44,-1.07%,97.02,-0.43
5,98.74,1.21%,94.79,-3.95
5,100.55,0.27%,98.76,-1.79
5,102.21,-0.09%,99.81,-2.4
5,102.85,1.95%,99.89,-2.96
5,101.91,2.91%,100.52,-1.4
5,106.05,2.72%,100.31,-5.74
5,103.81,2.77%,97.96,-5.86
5,98.02,-2.93%,99.18,1.16
5,104.06,-0.96%,102.83,-1.24
5,108.49,2.33%,105.41,-3.08
5,98.73,0.60%,95.73,-3
5,102.35,0.56%,99.87,-2.48
5,105.24,2.72%,104.58,-0.66
5,102.5,2.70%,96.67,-5.83
5,103.77,1.68%,98.67,-5.1
5,97.41,-1.82%,97.16,-0.25
5,102.01,2.22%,98.22,-3.8
5,104.9,0.27%,103.97,-0.94
5,95.92,-2.51%,97.15,1.23
5,100.08,-1.68%,104.24,4.15
5,98.37,-1.61%,102.97,4.59
5,102.09,1.63%,100.32,-1.78
5,102.88,-1.67%,104.86,1.98
5,100.51,-1.73%,100.97,0.45
5,103.83,1.12%,100.78,-3.05
5,101.74,-0.87%,102.37,0.63
5,101.2,-1.86%,100.83,-0.38
5,104.54,0.31%,100.91,-3.64
5,96.4,-2.13%,96.34,-0.07
5,104.33,1.81%,104.68,0.35
5,104.71,-1.21%,105.93,1.22
5,101.14,1.15%,103.04,1.9
5,94.68,-2.71%,97.03,2.34
5,97.16,-2.69%,99.81,2.65
5,97.47,2.21%,96.41,-1.07
5,101.34,-0.82%,101.06,-0.29
5,101.27,-1.45%,102.88,1.6
5,99.48,1.56%,97.62,-1.86
5,101.74,1.24%,98.59,-3.15
5,97.49,-1.99%,101.29,3.8
5,98.48,2.31%,96.82,-1.67
5,102.24,-0.22%,101.13,-1.11
5,100.53,-0.12%,99.23,-1.3
5,98.98,0.44%,99.58,0.59
5,102.6,3.05%,97.99,-4.61
5,98.12,2.86%,96.58,-1.55
5,98.5,-0.94%,99.61,1.1
6,99.86,1.17%,99.82,-0.05
6,99.06,3.15%,98.48,-0.58
6,100.86,1.37%,102.86,2
6,99.71,-2.06%,96.87,-2.84
6,105.83,0.35%,105.56,-0.27
6,108.58,1.74%,106.05,-2.54
6,100.46,-0.06%,103.4,2.94
6,113.25,2.95%,107.52,-5.74
6,104.44,0.78%,102.22,-2.22
6,98.84,2.59%,99.03,0.18
6,100.17,-1.29%,99.44,-0.74
6,103.65,1.64%,104.76,1.1
6,104.51,0.14%,101.71,-2.81
6,100.93,2.94%,97.79,-3.15
6,99.27,-1.39%,97.5,-1.77
6,98.6,2.13%,99,0.4
6,98.99,2.18%,100.01,1.02
6,109.77,2.06%,107.11,-2.66
6,98.85,2.37%,101.89,3.04
6,101.16,-2.46%,99.46,-1.71
6,104.81,3.40%,103.85,-0.97
6,99.97,-2.62%,101.45,1.48
6,103.26,0.42%,100.17,-3.1
6,103.22,2.89%,104.52,1.29
6,97.16,0.74%,97.37,0.21
6,99.04,-2.60%,94.19,-4.86
6,102.08,-2.06%,103.95,1.87
6,97.83,-0.04%,99.56,1.73
6,93.21,-2.12%,97.08,3.87
6,102.88,2.76%,102.75,-0.13
6,104.66,3.25%,108.42,3.76
6,103.89,2.10%,104.34,0.45
6,105.08,0.59%,102.31,-2.77
6,99.9,-2.31%,96.09,-3.82
6,95.4,0.35%,97.96,2.55
6,104.32,-0.19%,103.23,-1.09
6,98.64,-0.59%,99.33,0.68
6,96.35,1.63%,99.65,3.3
6,98.09,1.82%,98.69,0.59
6,102.06,-0.25%,98.04,-4.02
6,101.21,-2.01%,96.38,-4.83
6,101.91,-0.20%,100.24,-1.68
6,101.28,0.34%,106.04,4.76
6,104.29,0.68%,98.37,-5.93
6,100.09,-2.46%,101.55,1.45
6,96.45,-2.26%,96.34,-0.11
6,95.64,-0.03%,96.49,0.84
6,103.11,-0.79%,100.71,-2.41
6,105.02,-1.34%,100.24,-4.79
6,97.6,-0.87%,99.54,1.94
6,101.66,-2.67%,100.77,-0.9
6,99.33,-1.26%,101.16,1.82
6,96.52,-0.95%,96.1,-0.43
6,100.5,1.78%,96.47,-4.04
6,102.05,1.49%,100.23,-1.82
6,100.5,-1.68%,98.14,-2.36
6,103.29,0.42%,100.31,-2.99
6,99.9,-1.98%,98.53,-1.38
6,104.66,-1.32%,98.99,-5.68
6,103.09,-0.70%,97.28,-5.82
6,97.75,-0.28%,98.9,1.15
6,101.86,-2.12%,100.65,-1.21
6,109.64,1.06%,106.52,-3.13
6,98.22,-0.52%,95.23,-2.99
6,102.18,-0.17%,99.7,-2.49
6,105.36,0.11%,104.69,-0.68
6,102.39,-0.11%,96.56,-5.83
6,105.6,1.76%,100.41,-5.19
6,96.19,-1.26%,95.94,-0.25
6,103.33,1.29%,99.49,-3.85
6,107.79,2.75%,106.83,-0.97
6,99.32,3.54%,100.59,1.27
6,101.26,1.17%,105.46,4.19
6,100.77,2.43%,105.48,4.71
6,100.46,-1.60%,98.71,-1.75
6,105.89,2.92%,107.92,2.03
6,103.94,3.41%,104.41,0.46
6,106.45,2.52%,103.32,-3.14
6,98.96,-2.74%,99.57,0.6
6,103.04,1.81%,102.66,-0.39
6,102.37,-2.08%,98.81,-3.57
6,97.65,1.29%,97.58,-0.08
6,103.35,-0.94%,103.69,0.34
6,103.71,-0.96%,104.91,1.2
6,100.27,-0.87%,102.15,1.88
6,97.97,3.47%,100.4,2.43
6,99.54,2.44%,102.25,2.7
6,98.86,1.42%,97.78,-1.08
6,100.93,-0.41%,100.65,-0.29
6,98.57,-2.67%,100.13,1.56
6,99.98,0.50%,98.11,-1.88
6,99.8,-1.91%,96.71,-3.1
6,100.36,2.94%,104.27,3.9
6,101.62,3.18%,99.9,-1.72
6,100.39,-1.81%,99.3,-1.1
6,102.99,2.44%,101.65,-1.34
6,100.68,1.71%,101.29,0.6
6,105.21,2.54%,100.48,-4.73
6,98.75,0.64%,97.2,-1.55
6,101.6,3.14%,102.74,1.14
7,101.42,1.56%,101.37,-0.05
7,101.94,2.90%,98.48,-3.46
7,101.52,0.65%,102.86,1.34
7,97.11,-2.61%,96.87,-0.24
7,105.41,-0.40%,105.56,0.15
7,107.56,-0.94%,106.05,-1.52
7,99.69,-0.77%,103.4,3.71
7,111.99,-1.12%,107.52,-4.47
7,102.92,-1.46%,102.22,-0.71
7,99.24,0.40%,99.03,-0.21
7,100.26,0.08%,99.44,-0.83
7,102.63,-0.99%,104.76,2.13
7,103.28,-1.18%,101.71,-1.58
7,100.27,-0.66%,97.79,-2.48
7,100.67,1.41%,97.5,-3.18
7,101.32,2.75%,99,-2.32
7,101.44,2.47%,100.01,-1.43
7,108.08,-1.54%,107.11,-0.97
7,98.25,-0.61%,101.89,3.64
7,103.86,2.66%,99.46,-4.41
7,107.95,2.99%,103.85,-4.11
7,99.77,-0.21%,101.45,1.68
7,100.66,-2.52%,100.17,-0.49
7,100.27,-2.86%,104.52,4.25
7,97.53,0.38%,97.37,-0.16
7,97.29,-1.77%,94.19,-3.11
7,99.69,-2.35%,103.95,4.26
7,99.76,1.97%,99.56,-0.21
7,93.69,0.51%,97.08,3.39
7,103.04,0.15%,102.75,-0.3
7,107.19,2.41%,108.42,1.23
7,104.7,0.77%,104.34,-0.36
7,105.02,-0.06%,102.31,-2.71
7,101,1.10%,96.09,-4.91
7,98.68,3.43%,97.96,-0.73
7,102.77,-1.49%,103.23,0.46
7,100.73,2.11%,99.33,-1.41
7,93.4,-3.07%,99.65,6.25
7,97.35,-0.76%,98.69,1.34
7,99.69,-2.33%,98.04,-1.65
7,103.21,1.97%,96.38,-6.83
7,104.9,2.93%,100.24,-4.67
7,99.1,-2.16%,106.04,6.94
7,106.5,2.11%,98.37,-8.13
7,100.27,0.17%,101.55,1.28
7,93.93,-2.62%,96.34,2.4
7,94.74,-0.95%,96.49,1.75
7,105.15,1.97%,100.71,-4.45
7,105.76,0.70%,100.24,-5.53
7,97.6,0%,99.54,1.94
7,100.46,-1.19%,100.77,0.31
7,100.69,1.36%,101.16,0.46
7,97.86,1.38%,96.1,-1.77
7,103.85,3.33%,96.47,-7.38
7,100.07,-1.95%,100.23,0.16
7,99.88,-0.62%,98.14,-1.74
7,100.55,-2.66%,100.31,-0.24
7,97.64,-2.27%,98.53,0.89
7,105.33,0.64%,98.99,-6.35
7,101.89,-1.17%,97.28,-4.61
7,97.72,-0.04%,98.9,1.18
7,105.22,3.29%,100.65,-4.57
7,107.18,-2.25%,106.52,-0.67
7,100.77,2.59%,95.23,-5.54
7,100.77,-1.38%,99.7,-1.07
7,104.56,-0.76%,104.69,0.12
7,103.33,0.91%,96.56,-6.77
7,108.96,3.18%,100.41,-8.55
7,98.51,2.41%,95.94,-2.58
7,106.61,3.17%,99.49,-7.13
7,105.9,-1.76%,106.83,0.92
7,100.75,1.43%,100.59,-0.16
7,100.94,-0.32%,105.46,4.51
7,101.33,0.55%,105.48,4.15
7,103.57,3.09%,98.71,-4.86
7,106.3,0.38%,107.92,1.62
7,102.93,-0.98%,104.41,1.47
7,105.43,-0.96%,103.32,-2.12
7,101.11,2.17%,99.57,-1.55
7,101.37,-1.63%,102.66,1.28
7,101.95,-0.42%,98.81,-3.15
7,97.98,0.33%,97.58,-0.41
7,102.49,-0.84%,103.69,1.2
7,101.11,-2.51%,104.91,3.79
7,101.24,0.96%,102.15,0.91
7,97.84,-0.14%,100.4,2.56
7,102.25,2.72%,102.25,0
7,96.2,-2.70%,97.78,1.57
7,99.72,-1.20%,100.65,0.93
7,98.04,-0.54%,100.13,2.08
7,100.64,0.66%,98.11,-2.54
7,98.52,-1.29%,96.71,-1.82
7,103.34,2.96%,104.27,0.92
7,104.36,2.69%,99.9,-4.46
7,98.22,-2.17%,99.3,1.07
7,101.54,-1.41%,101.65,0.1
7,100.06,-0.62%,101.29,1.23
7,107.85,2.50%,100.48,-7.37
7,99.93,1.19%,97.2,-2.74
7,99.43,-2.14%,102.74,3.3
8,104.39,2.92%,101.37,-3.02
8,100.76,-1.16%,97.34,-3.43
8,104.88,3.30%,106.26,1.38
8,100.13,3.10%,99.88,-0.25
8,104.91,-0.48%,105.05,0.14
8,107.44,-0.12%,105.93,-1.51
8,99.02,-0.68%,102.7,3.68
8,112.42,0.38%,107.93,-4.49
8,102.55,-0.36%,101.85,-0.71
8,97.8,-1.46%,97.59,-0.21
8,101.46,1.19%,100.63,-0.83
8,100.15,-2.42%,102.22,2.06
8,105.65,2.29%,104.04,-1.61
8,98.8,-1.47%,96.35,-2.46
8,102.5,1.81%,99.27,-3.24
8,101.4,0.07%,99.07,-2.34
8,103.58,2.10%,102.11,-1.47
8,110.68,2.40%,109.68,-1
8,98.5,0.25%,102.14,3.64
8,105.75,1.81%,101.26,-4.49
8,109.61,1.53%,105.44,-4.18
8,102.72,2.95%,104.44,1.71
8,103.6,2.92%,103.09,-0.51
8,98.6,-1.67%,102.77,4.17
8,99.27,1.78%,99.1,-0.18
8,96.84,-0.47%,93.75,-3.1
8,98.29,-1.41%,102.49,4.19
8,98.88,-0.89%,98.68,-0.2
8,95.57,2%,99.02,3.45
8,104.56,1.47%,104.26,-0.3
8,104.86,-2.18%,106.06,1.2
8,102.16,-2.43%,101.8,-0.36
8,106.86,1.75%,104.1,-2.77
8,100.59,-0.41%,95.69,-4.91
8,98.5,-0.19%,97.78,-0.72
8,99.78,-2.91%,100.22,0.43
8,103,2.25%,101.56,-1.44
8,94.54,1.22%,100.86,6.31
8,96.76,-0.61%,98.09,1.32
8,102.52,2.83%,100.82,-1.71
8,101.41,-1.75%,94.69,-6.72
8,106.99,1.99%,102.23,-4.76
8,96.88,-2.25%,103.66,6.78
8,104.29,-2.08%,96.32,-7.98
8,100.78,0.50%,102.06,1.28
8,91.84,-2.23%,94.19,2.34
8,95.76,1.07%,97.52,1.75
8,105.77,0.58%,101.3,-4.47
8,106.51,0.70%,100.95,-5.57
8,98.71,1.13%,100.67,1.96
8,102.66,2.18%,102.97,0.31
8,100.55,-0.14%,101.01,0.46
8,98.06,0.20%,96.29,-1.77
8,106.19,2.25%,98.64,-7.55
8,103.1,3.02%,103.26,0.16
8,97.31,-2.58%,95.61,-1.71
8,103.35,2.78%,103.1,-0.25
8,99.55,1.95%,100.45,0.9
8,104.38,-0.91%,98.09,-6.29
8,100.55,-1.32%,96,-4.55
8,99.93,2.26%,101.13,1.19
8,105.44,0.20%,100.86,-4.58
8,108.48,1.21%,107.81,-0.68
8,99.92,-0.85%,94.42,-5.5
8,102.57,1.78%,101.48,-1.09
8,103.98,-0.56%,104.1,0.11
8,104.8,1.42%,97.93,-6.87
8,108.33,-0.58%,99.82,-8.52
8,98.31,-0.21%,95.74,-2.58
8,105.51,-1.04%,98.46,-7.06
8,105.31,-0.56%,106.23,0.92
8,100.07,-0.68%,99.91,-0.16
8,98.35,-2.57%,102.75,4.4
8,99.57,-1.74%,103.64,4.07
8,104.6,0.99%,99.69,-4.91
8,108.79,2.34%,110.44,1.64
8,103.31,0.36%,104.79,1.48
8,103.32,-2.01%,101.25,-2.07
8,100.35,-0.76%,98.82,-1.54
8,103.07,1.67%,104.38,1.31
8,103.48,1.50%,100.29,-3.19
8,100.76,2.83%,100.34,-0.43
8,99.55,-2.87%,100.71,1.15
8,98.86,-2.23%,102.57,3.7
8,103.88,2.60%,104.81,0.93
8,98.4,0.57%,100.97,2.56
8,100.61,-1.61%,100.61,0
8,95.09,-1.16%,96.65,1.56
8,97.59,-2.14%,98.5,0.9
8,95.29,-2.81%,97.32,2.02
8,100.05,-0.59%,97.53,-2.52
8,96.3,-2.26%,94.53,-1.77
8,105.87,2.44%,106.82,0.94
8,107.45,2.96%,102.85,-4.61
8,98.94,0.73%,100.02,1.07
8,100.49,-1.04%,100.59,0.1
8,102.41,2.34%,103.66,1.25
8,110.91,2.83%,103.33,-7.58
8,98.39,-1.55%,95.7,-2.69
8,100.21,0.78%,103.54,3.33
9,104.69,0.28%,101.66,-3.04
9,97.82,-2.92%,97.34,-0.48
9,104.78,-0.10%,106.26,1.48
9,100.47,0.33%,99.88,-0.6
9,103.31,-1.53%,105.05,1.73
9,107.47,0.02%,105.93,-1.54
9,96.88,-2.17%,102.7,5.82
9,115.39,2.64%,107.93,-7.46
9,102.98,0.41%,101.85,-1.14
9,98.17,0.37%,97.59,-0.58
9,102.51,1.03%,100.63,-1.89
9,100,-0.15%,102.22,2.21
9,107.54,1.78%,104.04,-3.5
9,100.31,1.52%,96.35,-3.97
9,101.46,-1.02%,99.27,-2.19
9,104.53,3.08%,99.07,-5.47
9,104.6,0.98%,102.11,-2.49
9,113.12,2.20%,109.68,-3.44
9,101.64,3.18%,102.14,0.5
9,106.52,0.72%,101.26,-5.26
9,109.4,-0.20%,105.44,-3.97
9,104.04,1.28%,104.44,0.39
9,103.71,0.10%,103.09,-0.62
9,95.66,-2.99%,102.77,7.11
9,100.01,0.74%,99.1,-0.92
9,93.95,-2.99%,93.75,-0.21
9,95.85,-2.49%,102.49,6.64
9,96.58,-2.33%,98.68,2.1
9,92.85,-2.85%,99.02,6.17
9,105.44,0.84%,104.26,-1.18
9,104.62,-0.23%,106.06,1.43
9,101.02,-1.12%,101.8,0.78
9,109.47,2.44%,104.1,-5.38
9,98.48,-2.10%,95.69,-2.8
9,97.08,-1.45%,97.78,0.7
9,99.74,-0.05%,100.22,0.48
9,104.87,1.81%,101.56,-3.32
9,94.83,0.30%,100.86,6.03
9,93.98,-2.88%,98.09,4.1
9,100.44,-2.03%,100.82,0.37
9,99.75,-1.64%,94.69,-5.07
9,105.36,-1.53%,102.23,-3.13
9,98.75,1.93%,103.66,4.9
9,105.51,1.16%,96.32,-9.2
9,101.09,0.30%,102.06,0.96
9,91.42,-0.46%,94.19,2.76
9,97.86,2.19%,97.52,-0.35
9,107.81,1.92%,101.3,-6.52
9,104.16,-2.21%,100.95,-3.21
9,101.8,3.13%,100.67,-1.13
9,99.69,-2.90%,102.97,3.28
9,98.01,-2.53%,101.01,3
9,99.65,1.62%,96.29,-3.36
9,104.51,-1.59%,98.64,-5.88
9,101.57,-1.49%,103.26,1.69
9,97.83,0.53%,95.61,-2.22
9,106.75,3.28%,103.1,-3.66
9,101.96,2.42%,100.45,-1.51
9,103.89,-0.47%,98.09,-5.8
9,103.01,2.44%,96,-7.02
9,100.78,0.85%,101.13,0.34
9,104.35,-1.04%,100.86,-3.49
9,111.29,2.59%,107.81,-3.49
9,99.62,-0.31%,94.42,-5.21
9,99.66,-2.84%,101.48,1.82
9,102.3,-1.62%,104.1,1.79
9,103.91,-0.85%,97.93,-5.98
9,106.39,-1.80%,99.82,-6.58
9,97.72,-0.61%,95.74,-1.99
9,107.01,1.42%,98.46,-8.56
9,106.17,0.81%,106.23,0.06
9,100.6,0.52%,99.91,-0.69
9,97.52,-0.85%,102.75,5.23
9,96.86,-2.73%,103.64,6.78
9,105.58,0.93%,99.69,-5.89
9,109.09,0.27%,110.44,1.34
9,103.75,0.42%,104.79,1.04
9,100.54,-2.70%,101.25,0.7
9,102.72,2.36%,98.82,-3.91
9,100.72,-2.29%,104.38,3.65
9,106.54,2.95%,100.29,-6.25
9,101.73,0.96%,100.34,-1.4
9,102.55,3.01%,100.71,-1.85
9,99.89,1.04%,102.57,2.67
9,101.8,-2.01%,104.81,3.01
9,101.33,2.97%,100.97,-0.36
9,99.14,-1.47%,100.61,1.46
9,97.31,2.33%,96.65,-0.66
9,100.68,3.16%,98.5,-2.19
9,92.58,-2.85%,97.32,4.73
9,100.38,0.32%,97.53,-2.85
9,97.86,1.61%,94.53,-3.33
9,106.27,0.37%,106.82,0.54
9,106.88,-0.54%,102.85,-4.04
9,96.5,-2.47%,100.02,3.51
9,103.33,2.82%,100.59,-2.74
9,101.22,-1.17%,103.66,2.43
9,112.94,1.83%,103.33,-9.61
9,101.64,3.30%,95.7,-5.94
9,98.54,-1.67%,103.54,5
10,105.58,0.85%,101.66,-3.93
10,98.72,0.92%,98.23,-0.49
10,105.03,0.23%,106.51,1.48
10,97.9,-2.56%,97.32,-0.59
10,102.72,-0.58%,104.45,1.73
10,106.82,-0.61%,105.28,-1.54
10,95.67,-1.25%,101.41,5.73
10,117.51,1.83%,109.91,-7.61
10,105.97,2.90%,104.8,-1.18
10,99.94,1.80%,99.34,-0.6
10,101.61,-0.88%,99.74,-1.88
10,102.43,2.43%,104.7,2.26
10,106.58,-0.90%,103.11,-3.47
10,97.64,-2.67%,93.78,-3.86
10,102.27,0.79%,100.06,-2.21
10,107.28,2.63%,101.67,-5.61
10,104.36,-0.23%,101.87,-2.49
10,116.35,2.85%,112.81,-3.54
10,104.57,2.88%,105.08,0.51
10,109.61,2.90%,104.19,-5.43
10,108.26,-1.05%,104.34,-3.93
10,104.59,0.52%,104.99,0.39
10,101.02,-2.60%,100.41,-0.61
10,93.36,-2.41%,100.29,6.93
10,103.46,3.44%,102.51,-0.95
10,93.87,-0.09%,93.67,-0.21
10,93.08,-2.89%,99.52,6.43
10,96.01,-0.60%,98.09,2.07
10,91.49,-1.47%,97.56,6.07
10,107.33,1.79%,106.12,-1.21
10,105.36,0.70%,106.81,1.45
10,101.66,0.63%,102.44,0.78
10,108.69,-0.72%,103.35,-5.35
10,101.1,2.66%,98.23,-2.87
10,99.59,2.58%,100.3,0.7
10,96.83,-2.92%,97.29,0.46
10,102.68,-2.09%,99.43,-3.25
10,93.22,-1.70%,99.14,5.92
10,95.98,2.12%,100.17,4.18
10,102.37,1.92%,102.75,0.37
10,100.97,1.22%,95.84,-5.13
10,106.37,0.95%,103.2,-3.18
10,98.58,-0.18%,103.48,4.9
10,104.17,-1.28%,95.09,-9.08
10,99.41,-1.67%,100.36,0.95
10,91.01,-0.45%,93.76,2.75
10,97.63,-0.24%,97.29,-0.34
10,109.46,1.53%,102.85,-6.61
10,103.75,-0.40%,100.55,-3.21
10,103.2,1.37%,102.05,-1.16
10,97.72,-1.98%,100.93,3.21
10,99.7,1.72%,102.75,3.04
10,97.25,-2.41%,93.97,-3.29
10,105.86,1.29%,99.91,-5.96
10,100.15,-1.40%,101.81,1.65
10,99.66,1.87%,97.39,-2.27
10,108.31,1.46%,104.6,-3.72
10,100.91,-1.03%,99.41,-1.5
10,107.26,3.24%,101.27,-6
10,101.88,-1.10%,94.94,-6.94
10,101.08,0.29%,101.43,0.35
10,106.29,1.85%,102.73,-3.57
10,112.12,0.74%,108.61,-3.52
10,100.28,0.66%,95.04,-5.24
10,101.05,1.39%,102.89,1.84
10,104.04,1.70%,105.87,1.82
10,103.46,-0.44%,97.5,-5.96
10,105.94,-0.43%,99.39,-6.55
10,96.55,-1.20%,94.59,-1.96
10,109.58,2.40%,100.82,-8.77
10,106.24,0.06%,106.3,0.06
10,99.47,-1.13%,98.78,-0.69
10,99.67,2.20%,105.01,5.34
10,96.01,-0.88%,102.73,6.71
10,104.76,-0.78%,98.91,-5.86
10,107.75,-1.23%,109.08,1.32
10,101.51,-2.16%,102.52,1
10,98.95,-1.59%,99.64,0.68
10,104.68,1.90%,100.7,-3.99
10,101.07,0.34%,104.74,3.67
10,105.45,-1.03%,99.26,-6.19
10,102.08,0.34%,100.68,-1.4
10,102.43,-0.12%,100.59,-1.85
10,101.03,1.14%,103.74,2.7
10,103.88,2.04%,106.95,3.07
10,99.77,-1.54%,99.41,-0.36
10,101.88,2.76%,103.39,1.51
10,94.31,-3.09%,93.67,-0.65
10,102.52,1.82%,100.3,-2.22
10,94.45,2.01%,99.28,4.82
10,100.35,-0.03%,97.5,-2.85
10,98.57,0.72%,95.21,-3.36
10,104.49,-1.68%,105.03,0.54
10,106.03,-0.80%,102.03,-4
10,96.27,-0.24%,99.78,3.51
10,106.44,3%,103.61,-2.83
10,98.91,-2.29%,101.29,2.38
10,110.41,-2.25%,101.01,-9.4
10,102.61,0.95%,96.61,-6
10,101.28,2.78%,106.41,5.12
11,107.23,1.56%,103.24,-4
11,99.8,1.09%,98.23,-1.57
11,104.68,-0.34%,106.51,1.82
11,98.91,1.03%,97.32,-1.6
11,102.21,-0.50%,104.45,2.24
11,105.63,-1.12%,105.28,-0.35
11,94.48,-1.25%,101.41,6.92
11,116.84,-0.58%,109.91,-6.94
11,107.34,1.29%,104.8,-2.55
11,100.51,0.57%,99.34,-1.18
11,102.58,0.95%,99.74,-2.85
11,100.99,-1.41%,104.7,3.71
11,106.49,-0.09%,103.11,-3.38
11,95,-2.71%,93.78,-1.22
11,103.08,0.79%,100.06,-3.02
11,110.21,2.73%,101.67,-8.54
11,106.53,2.07%,101.87,-4.66
11,114.8,-1.34%,112.81,-1.99
11,107.66,2.95%,105.08,-2.58
11,107.29,-2.12%,104.19,-3.11
11,106.09,-2.01%,104.34,-1.75
11,102.17,-2.32%,104.99,2.81
11,100.35,-0.67%,100.41,0.06
11,96.54,3.40%,100.29,3.75
11,106.55,2.98%,102.51,-4.04
11,92.51,-1.45%,93.67,1.15
11,94.58,1.61%,99.52,4.93
11,98.89,2.99%,98.09,-0.8
11,88.85,-2.89%,97.56,8.71
11,108.5,1.09%,106.12,-2.38
11,104.02,-1.28%,106.81,2.79
11,103.59,1.89%,102.44,-1.16
11,110.01,1.21%,103.35,-6.67
11,101.36,0.25%,98.23,-3.13
11,98.65,-0.95%,100.3,1.64
11,97.49,0.68%,97.29,-0.2
11,105.5,2.74%,99.43,-6.07
11,96.42,3.43%,99.14,2.71
11,97.77,1.86%,100.17,2.4
11,105.5,3.05%,102.75,-2.75
11,98.57,-2.38%,95.84,-2.73
11,104.86,-1.42%,103.2,-1.66
11,97.7,-0.90%,103.48,5.78
11,106.98,2.69%,95.09,-11.89
11,97.88,-1.54%,100.36,2.48
11,89.57,-1.59%,93.76,4.19
11,100.63,3.07%,97.29,-3.34
11,111.83,2.16%,102.85,-8.99
11,105.03,1.23%,100.55,-4.49
11,102.83,-0.36%,102.05,-0.79
11,101.05,3.40%,100.93,-0.12
11,101.62,1.92%,102.75,1.12
11,98.32,1.10%,93.97,-4.35
11,107.22,1.28%,99.91,-7.32
11,100.9,0.74%,101.81,0.9
11,99.84,0.18%,97.39,-2.46
11,108.03,-0.26%,104.6,-3.44
11,99.39,-1.51%,99.41,0.01
11,108.31,0.97%,101.27,-7.05
11,101.9,0.01%,94.94,-6.97
11,101.82,0.73%,101.43,-0.39
11,104.74,-1.46%,102.73,-2.01
11,114.76,2.35%,108.61,-6.16
11,99.47,-0.81%,95.04,-4.43
11,100.19,-0.86%,102.89,2.7
11,102.7,-1.29%,105.87,3.17
11,102.6,-0.84%,97.5,-5.1
11,108.69,2.59%,99.39,-9.3
11,99.16,2.70%,94.59,-4.57
11,111.36,1.62%,100.82,-10.55
11,105.9,-0.33%,106.3,0.39
11,99,-0.48%,98.78,-0.22
11,100.48,0.81%,105.01,4.53
11,97,1.03%,102.73,5.73
11,104.57,-0.19%,98.91,-5.66
11,106.59,-1.08%,109.08,2.48
11,103.83,2.28%,102.52,-1.32
11,102.38,3.46%,99.64,-2.74
11,105.42,0.70%,100.7,-4.72
11,100.69,-0.38%,104.74,4.04
11,103.46,-1.89%,99.26,-4.2
11,99.92,-2.12%,100.68,0.76
11,99.99,-2.39%,100.59,0.6
11,103.54,2.48%,103.74,0.19
11,105.85,1.89%,106.95,1.1
11,102.78,3.01%,99.41,-3.38
11,101.33,-0.54%,103.39,2.06
11,91.78,-2.69%,93.67,1.89
11,104.92,2.34%,100.3,-4.63
11,94.64,0.20%,99.28,4.64
11,97.93,-2.42%,97.5,-0.44
11,101.44,2.91%,95.21,-6.24
11,102.54,-1.87%,105.03,2.48
11,105.64,-0.37%,102.03,-3.61
11,98.5,2.31%,99.78,1.28
11,104.86,-1.49%,103.61,-1.25
11,102.09,3.21%,101.29,-0.8
11,109.65,-0.69%,101.01,-8.64
11,101.12,-1.46%,96.61,-4.52
11,99.76,-1.51%,106.41,6.64
12,110.64,3.18%,103.24,-7.41
12,101.52,1.72%,99.92,-1.6
12,107.99,3.16%,109.87,1.88
12,99.91,1.01%,98.3,-1.61
12,104.83,2.56%,107.12,2.29
12,107.83,2.08%,107.47,-0.36
12,93.43,-1.12%,100.28,6.84
12,116.21,-0.54%,109.31,-6.9
12,106.88,-0.43%,104.35,-2.54
12,98.41,-2.09%,97.26,-1.15
12,102.8,0.21%,99.95,-2.85
12,99.74,-1.24%,103.4,3.66
12,109.07,2.42%,105.6,-3.47
12,93.19,-1.91%,91.99,-1.21
12,102.61,-0.46%,99.6,-3.02
12,111.9,1.53%,103.22,-8.69
12,104.21,-2.18%,99.65,-4.56
12,114.79,-0.01%,112.8,-2
12,105.22,-2.27%,102.69,-2.54
12,105.54,-1.64%,102.49,-3.06
12,105.7,-0.37%,103.95,-1.75
12,99.57,-2.55%,102.31,2.74
12,98.8,-1.55%,98.85,0.04
12,94.05,-2.58%,97.7,3.65
12,107.6,0.98%,103.52,-4.08
12,90.68,-1.98%,91.81,1.12
12,94.33,-0.27%,99.25,4.92
12,100.86,1.99%,100.04,-0.82
12,89.94,1.22%,98.75,8.81
12,109.69,1.09%,107.28,-2.41
12,101.11,-2.80%,103.82,2.7
12,103.03,-0.55%,101.88,-1.16
12,110.93,0.83%,104.21,-6.73
12,102.17,0.79%,99.01,-3.16
12,99.03,0.38%,100.68,1.65
12,98.11,0.63%,97.9,-0.21
12,105.41,-0.09%,99.34,-6.07
12,93.72,-2.81%,96.36,2.64
12,99.11,1.37%,101.54,2.43
12,107.05,1.46%,104.25,-2.8
12,95.69,-2.93%,93.03,-2.66
12,102.72,-2.05%,101.09,-1.63
12,98.54,0.85%,104.36,5.81
12,107.28,0.28%,95.35,-11.94
12,95.85,-2.08%,98.27,2.42
12,88.36,-1.36%,92.49,4.12
12,98.04,-2.58%,94.78,-3.27
12,109.54,-2.05%,100.74,-8.81
12,106.96,1.83%,102.39,-4.57
12,103.88,1.02%,103.09,-0.79
12,103.4,2.32%,103.27,-0.14
12,101.64,0.01%,102.77,1.12
12,96.1,-2.26%,91.84,-4.26
12,105.52,-1.59%,98.32,-7.21
12,100.14,-0.76%,101.04,0.9
12,103.17,3.33%,100.63,-2.55
12,111.05,2.79%,107.52,-3.54
12,101.03,1.65%,101.05,0.01
12,107.34,-0.90%,100.36,-6.99
12,100.27,-1.60%,93.42,-6.85
12,99.58,-2.20%,99.19,-0.4
12,102.46,-2.18%,100.49,-1.97
12,115.92,1.01%,109.7,-6.22
12,98.44,-1.04%,94.05,-4.4
12,100.73,0.53%,103.44,2.7
12,104.04,1.30%,107.25,3.2
12,105.38,2.70%,100.14,-5.24
12,107.95,-0.69%,98.71,-9.25
12,98.69,-0.48%,94.14,-4.55
12,108.88,-2.23%,98.57,-10.32
12,106.01,0.10%,106.41,0.39
12,97.92,-1.10%,97.7,-0.22
12,98.05,-2.42%,102.47,4.42
12,100.39,3.49%,106.32,5.92
12,104.77,0.19%,99.09,-5.68
12,109.72,2.93%,112.28,2.56
12,104.59,0.73%,103.27,-1.33
12,103.99,1.57%,101.2,-2.79
12,105.69,0.25%,100.95,-4.74
12,102.45,1.74%,106.57,4.11
12,104.02,0.54%,99.79,-4.23
12,102.82,2.90%,103.6,0.78
12,100.16,0.17%,100.76,0.6
12,104.68,1.10%,104.88,0.19
12,103.26,-2.45%,104.33,1.06
12,103.9,1.08%,100.49,-3.42
12,102.68,1.33%,104.76,2.07
12,91.43,-0.39%,93.31,1.87
12,104.42,-0.48%,99.82,-4.61
12,95.5,0.90%,100.18,4.68
12,96.61,-1.35%,96.18,-0.43
12,102.66,1.20%,96.35,-6.32
12,102.47,-0.07%,104.95,2.48
12,103.15,-2.36%,99.62,-3.54
12,99.61,1.12%,100.9,1.29
12,107.73,2.73%,106.44,-1.3
12,103.33,1.21%,102.52,-0.82
12,107.4,-2.06%,98.93,-8.47
12,98.74,-2.36%,94.33,-4.41
12,101.98,2.22%,108.77,6.78
13,110.22,-0.38%,102.84,-7.38
13,99.77,-1.73%,99.92,0.15
13,109.66,1.54%,109.87,0.21
13,103.17,3.26%,98.3,-4.88
13,105.76,0.88%,107.12,1.35
13,109.69,1.72%,107.47,-2.22
13,96.76,3.56%,100.28,3.51
13,118.85,2.27%,109.31,-9.54
13,104.97,-1.79%,104.35,-0.63
13,101.67,3.31%,97.26,-4.41
13,106.28,3.38%,99.95,-6.33
13,96.97,-2.78%,103.4,6.43
13,110.33,1.15%,105.6,-4.74
13,94.14,1.01%,91.99,-2.16
13,102.64,0.02%,99.6,-3.05
13,110.36,-1.38%,103.22,-7.14
13,107.25,2.91%,99.65,-7.6
13,112.8,-1.74%,112.8,0
13,102.73,-2.37%,102.69,-0.05
13,107.92,2.25%,102.49,-5.44
13,108.78,2.91%,103.95,-4.83
13,102.05,2.49%,102.31,0.26
13,97.14,-1.69%,98.85,1.7
13,93.97,-0.09%,97.7,3.73
13,110.66,2.84%,103.52,-7.14
13,92.56,2.07%,91.81,-0.75
13,97.18,3.02%,99.25,2.06
13,103.21,2.32%,100.04,-3.17
13,90.83,0.98%,98.75,7.92
13,110.99,1.18%,107.28,-3.71
13,100.73,-0.38%,103.82,3.08
13,106.26,3.13%,101.88,-4.39
13,108.59,-2.11%,104.21,-4.39
13,103.35,1.15%,99.01,-4.34
13,97.5,-1.55%,100.68,3.18
13,99.88,1.80%,97.9,-1.98
13,104.6,-0.77%,99.34,-5.26
13,97.2,3.71%,96.36,-0.85
13,97.22,-1.91%,101.54,4.32
13,105.18,-1.75%,104.25,-0.94
13,94.44,-1.31%,93.03,-1.41
13,104.8,2.02%,101.09,-3.71
13,99.95,1.43%,104.36,4.4
13,109.63,2.19%,95.35,-14.28
13,95.61,-0.26%,98.27,2.65
13,85.7,-3.02%,92.49,6.78
13,100.08,2.08%,94.78,-5.3
13,107.79,-1.60%,100.74,-7.06
13,109.8,2.65%,102.39,-7.41
13,104.68,0.77%,103.09,-1.6
13,104.99,1.53%,103.27,-1.72
13,100.72,-0.91%,102.77,2.04
13,93.55,-2.66%,91.84,-1.71
13,106,0.45%,98.32,-7.69
13,97.57,-2.57%,101.04,3.47
13,105.48,2.23%,100.63,-4.86
13,114.5,3.10%,107.52,-6.99
13,103.47,2.41%,101.05,-2.43
13,106.5,-0.79%,100.36,-6.14
13,102.02,1.74%,93.42,-8.6
13,96.85,-2.75%,99.19,2.34
13,102.65,0.18%,100.49,-2.17
13,113.11,-2.43%,109.7,-3.41
13,98.48,0.04%,94.05,-4.44
13,100.06,-0.67%,103.44,3.37
13,104.45,0.39%,107.25,2.79
13,108.19,2.66%,100.14,-8.05
13,109.9,1.80%,98.71,-11.2
13,99.81,1.13%,94.14,-5.68
13,107.17,-1.58%,98.57,-8.61
13,106.19,0.16%,106.41,0.21
13,97.14,-0.80%,97.7,0.56
13,97.63,-0.43%,102.47,4.84
13,97.83,-2.56%,106.32,8.48
13,104.95,0.17%,99.09,-5.86
13,109.92,0.18%,112.28,2.35
13,107.43,2.71%,103.27,-4.17
13,107.22,3.10%,101.2,-6.02
13,105.16,-0.51%,100.95,-4.21
13,101.39,-1.04%,106.57,5.17
13,101.97,-1.98%,99.79,-2.18
13,104.54,1.67%,103.6,-0.95
13,102.09,1.92%,100.76,-1.33
13,102.98,-1.63%,104.88,1.89
13,105.63,2.29%,104.33,-1.3
13,105.88,1.90%,100.49,-5.39
13,100.77,-1.87%,104.76,3.99
13,94.5,3.35%,93.31,-1.19
13,106.58,2.06%,99.82,-6.77
13,95.55,0.05%,100.18,4.63
13,96.41,-0.21%,96.18,-0.23
13,100.79,-1.83%,96.35,-4.45
13,101.78,-0.68%,104.95,3.17
13,105.64,2.41%,99.62,-6.02
13,101.68,2.07%,100.9,-0.79
13,111.11,3.13%,106.44,-4.68
13,102.16,-1.14%,102.52,0.35
13,104.76,-2.46%,98.93,-5.83
13,100.47,1.75%,94.33,-6.14
13,100.39,-1.56%,108.77,8.37
14,108.43,-1.63%,102.84,-5.6
14,100.39,0.62%,100.54,0.15
14,112.31,2.41%,112.52,0.2
14,104.89,1.66%,99.93,-4.96
14,104.78,-0.93%,106.12,1.34
14,107.33,-2.16%,105.15,-2.18
14,95.09,-1.73%,98.54,3.45
14,121.53,2.25%,111.77,-9.77
14,105.36,0.37%,104.73,-0.63
14,99.01,-2.62%,94.71,-4.31
14,103.7,-2.43%,97.52,-6.19
14,98.3,1.37%,104.81,6.51
14,112.32,1.80%,107.5,-4.82
14,91.89,-2.40%,89.79,-2.1
14,102.76,0.11%,99.71,-3.06
14,113.4,2.75%,106.06,-7.35
14,104.93,-2.17%,97.49,-7.45
14,110.71,-1.86%,110.71,0
14,104.53,1.75%,104.48,-0.05
14,106.8,-1.04%,101.42,-5.38
14,110.8,1.85%,105.88,-4.93
14,103.34,1.26%,103.6,0.25
14,96.31,-0.86%,98,1.68
14,91.56,-2.57%,95.19,3.62
14,109.25,-1.28%,102.2,-7.05
14,91.04,-1.65%,90.3,-0.75
14,95.45,-1.79%,97.48,2.03
14,106.61,3.29%,103.33,-3.29
14,88.81,-2.23%,96.55,7.73
14,111.8,0.72%,108.06,-3.74
14,98.15,-2.57%,101.16,3
14,104.26,-1.89%,99.96,-4.31
14,106.84,-1.62%,102.53,-4.32
14,104.76,1.36%,100.36,-4.41
14,97.85,0.35%,101.04,3.19
14,100.05,0.17%,98.06,-1.99
14,104.93,0.31%,99.65,-5.29
14,99.37,2.23%,98.51,-0.86
14,94.27,-3.04%,98.45,4.18
14,105.85,0.63%,104.91,-0.94
14,93.76,-0.73%,92.36,-1.41
14,102.54,-2.16%,98.91,-3.64
14,99.9,-0.06%,104.3,4.39
14,113.1,3.16%,98.36,-14.74
14,94.81,-0.84%,97.44,2.62
14,87.59,2.20%,94.52,6.92
14,98.08,-2%,92.88,-5.21
14,106.72,-1%,99.73,-6.99
14,108.49,-1.20%,101.16,-7.33
14,107.6,2.78%,105.96,-1.65
14,107.99,2.85%,106.22,-1.77
14,103.11,2.37%,105.2,2.09
14,95.2,1.76%,93.45,-1.75
14,106.1,0.09%,98.41,-7.69
14,96.02,-1.59%,99.43,3.41
14,106.7,1.15%,101.79,-4.91
14,113.34,-1.02%,106.43,-6.91
14,106.64,3.06%,104.14,-2.5
14,109.75,3.05%,103.42,-6.33
14,102.11,0.08%,93.5,-8.61
14,96.61,-0.25%,98.94,2.32
14,103.03,0.37%,100.86,-2.18
14,111.29,-1.61%,107.93,-3.36
14,98.86,0.38%,94.41,-4.46
14,100.87,0.80%,104.27,3.39
14,102.56,-1.81%,105.3,2.73
14,111.23,2.80%,102.95,-8.29
14,107.96,-1.77%,96.96,-11
14,101.14,1.33%,95.39,-5.75
14,108.54,1.27%,99.83,-8.72
14,106.72,0.49%,106.94,0.21
14,98.79,1.69%,99.35,0.55
14,95,-2.70%,99.7,4.7
14,101.29,3.53%,110.08,8.78
14,104.14,-0.78%,98.32,-5.83
14,109.39,-0.49%,111.73,2.34
14,105.78,-1.54%,101.68,-4.1
14,106.14,-1.01%,100.18,-5.96
14,103.34,-1.74%,99.2,-4.15
14,103.12,1.70%,108.38,5.25
14,102.58,0.59%,100.38,-2.21
14,105.31,0.73%,104.36,-0.96
14,103.31,1.19%,101.96,-1.36
14,101.08,-1.85%,102.94,1.85
14,105.76,0.12%,104.45,-1.32
14,103.61,-2.15%,98.33,-5.29
14,98.26,-2.50%,102.15,3.89
14,96.44,2.05%,95.22,-1.22
14,108.29,1.60%,101.42,-6.88
14,92.93,-2.75%,97.43,4.5
14,98.84,2.52%,98.6,-0.25
14,98.25,-2.53%,93.92,-4.33
14,98.91,-2.82%,101.99,3.07
14,108.47,2.67%,102.28,-6.19
14,103.77,2.05%,102.97,-0.8
14,111.74,0.56%,107.04,-4.7
14,104.2,1.99%,104.56,0.35
14,104.65,-0.11%,98.82,-5.84
14,101.21,0.73%,95.02,-6.19
14,99.84,-0.55%,108.17,8.32
15,106.96,-1.36%,101.44,-5.52
15,98.6,-1.79%,100.54,1.94
15,111.8,-0.46%,112.52,0.71
15,102.34,-2.44%,99.93,-2.41
15,106.82,1.94%,106.12,-0.7
15,105.6,-1.62%,105.15,-0.45
15,95.53,0.46%,98.54,3.01
15,119.96,-1.30%,111.77,-8.19
15,103.26,-2%,104.73,1.46
15,101.94,2.95%,94.71,-7.24
15,102.32,-1.34%,97.52,-4.8
15,97.09,-1.24%,104.81,7.71
15,109.79,-2.26%,107.5,-2.3
15,94.52,2.86%,89.79,-4.73
15,103.81,1.02%,99.71,-4.11
15,113.86,0.40%,106.06,-7.8
15,107.85,2.78%,97.49,-10.36
15,110.79,0.07%,110.71,-0.09
15,104.18,-0.34%,104.48,0.29
15,108.39,1.48%,101.42,-6.97
15,113.63,2.55%,105.88,-7.75
15,104.52,1.14%,103.6,-0.93
15,93.74,-2.67%,98,4.26
15,92.85,1.40%,95.19,2.34
15,107.76,-1.37%,102.2,-5.57
15,93.28,2.46%,90.3,-2.99
15,93.65,-1.89%,97.48,3.82
15,104.79,-1.71%,103.33,-1.47
15,86.7,-2.38%,96.55,9.84
15,109.58,-1.99%,108.06,-1.52
15,99.47,1.34%,101.16,1.68
15,103.47,-0.76%,99.96,-3.52
15,106.78,-0.06%,102.53,-4.25
15,107.18,2.31%,100.36,-6.83
15,95.58,-2.32%,101.04,5.46
15,103.32,3.26%,98.06,-5.26
15,103.29,-1.57%,99.65,-3.65
15,98.2,-1.18%,98.51,0.31
15,94.41,0.14%,98.45,4.04
15,107.35,1.41%,104.91,-2.44
15,91.09,-2.85%,92.36,1.26
15,102.94,0.39%,98.91,-4.04
15,101.71,1.81%,104.3,2.59
15,116.54,3.04%,98.36,-18.19
15,98.07,3.43%,97.44,-0.63
15,86.28,-1.50%,94.52,8.23
15,97.34,-0.76%,92.88,-4.47
15,105.11,-1.51%,99.73,-5.38
15,109.36,0.80%,101.16,-8.21
15,107.22,-0.36%,105.96,-1.27
15,110.32,2.15%,106.22,-4.1
15,100.13,-2.90%,105.2,5.07
15,96,0.84%,93.45,-2.55
15,106.58,0.45%,98.41,-8.18
15,97.61,1.65%,99.43,1.82
15,108.46,1.64%,101.79,-6.67
15,113.02,-0.29%,106.43,-6.59
15,103.92,-2.56%,104.14,0.21
15,107.48,-2.07%,103.42,-4.07
15,103.08,0.94%,93.5,-9.58
15,96.49,-0.13%,98.94,2.45
15,100.42,-2.54%,100.86,0.43
15,111.88,0.53%,107.93,-3.95
15,97.77,-1.11%,94.41,-3.36
15,101.11,0.23%,104.27,3.15
15,101.35,-1.18%,105.3,3.95
15,112.84,1.44%,102.95,-9.89
15,109.33,1.26%,96.96,-12.38
15,100.29,-0.85%,95.39,-4.91
15,110.72,2%,99.83,-10.89
15,110.21,3.27%,106.94,-3.27
15,101.76,3%,99.35,-2.42
15,96.21,1.27%,99.7,3.49
15,104.5,3.16%,110.08,5.57
15,101.16,-2.87%,98.32,-2.85
15,108.25,-1.05%,111.73,3.48
15,104.68,-1.04%,101.68,-3
15,104.61,-1.45%,100.18,-4.43
15,102.82,-0.51%,99.2,-3.62
15,101.97,-1.12%,108.38,6.4
15,105.77,3.10%,100.38,-5.39
15,106.77,1.38%,104.36,-2.41
15,103.32,0%,101.96,-1.36
15,98.9,-2.16%,102.94,4.03
15,107.59,1.73%,104.45,-3.15
15,106.82,3.09%,98.33,-8.49
15,96.05,-2.25%,102.15,6.1
15,98.07,1.69%,95.22,-2.85
15,111.71,3.15%,101.42,-10.29
15,96.31,3.63%,97.43,1.12
15,96.34,-2.53%,98.6,2.25
15,98.15,-0.11%,93.92,-4.24
15,96.76,-2.18%,101.99,5.22
15,107.48,-0.92%,102.28,-5.21
15,105.39,1.56%,102.97,-2.43
15,112.96,1.09%,107.04,-5.92
15,101.58,-2.52%,104.56,2.98
15,103.05,-1.53%,98.82,-4.24
15,100.55,-0.66%,95.02,-5.54
15,100.02,0.18%,108.17,8.15
16,105.33,-1.53%,101.44,-3.9
16,97.76,-0.86%,99.68,1.92
16,114.72,2.61%,115.45,0.73
16,103.09,0.73%,100.66,-2.44
16,108.51,1.58%,107.79,-0.72
16,103.08,-2.39%,102.64,-0.44
16,95.54,0.01%,98.55,3
16,117.83,-1.78%,109.78,-8.05
16,104.64,1.33%,106.12,1.48
16,100.29,-1.62%,93.17,-7.13
16,101.88,-0.44%,97.1,-4.79
16,96.93,-0.17%,104.63,7.69
16,107.74,-1.87%,105.49,-2.25
16,96.02,1.58%,91.21,-4.82
16,101.28,-2.44%,97.27,-4.02
16,114.48,0.54%,106.63,-7.86
16,105.21,-2.45%,95.1,-10.11
16,110.2,-0.54%,110.12,-0.08
16,104,-0.18%,104.29,0.29
16,105.54,-2.63%,98.75,-6.8
16,112.9,-0.65%,105.19,-7.72
16,103.94,-0.56%,103.02,-0.93
16,93.83,0.09%,98.09,4.26
16,92.94,0.09%,95.28,2.34
16,107.62,-0.13%,102.06,-5.57
16,93.87,0.63%,90.87,-3
16,92.87,-0.84%,96.66,3.78
16,107.77,2.84%,106.26,-1.51
16,86.75,0.05%,96.6,9.84
16,109.19,-0.36%,107.67,-1.52
16,97.39,-2.10%,99.04,1.65
16,102,-1.43%,98.53,-3.47
16,107.27,0.45%,103,-4.27
16,109.89,2.52%,102.89,-7
16,97.11,1.60%,102.65,5.54
16,101.33,-1.93%,96.17,-5.16
16,101.81,-1.44%,98.22,-3.6
16,101.56,3.42%,101.88,0.31
16,97.36,3.12%,101.52,4.15
16,104.44,-2.72%,102.06,-2.38
16,91.96,0.95%,93.24,1.28
16,103.3,0.34%,99.25,-4.05
16,103.51,1.76%,106.14,2.62
16,116.91,0.31%,98.67,-18.24
16,101.13,3.12%,100.48,-0.65
16,85.93,-0.41%,94.13,8.19
16,94.88,-2.53%,90.53,-4.35
16,106.43,1.25%,100.98,-5.46
16,110,0.58%,101.75,-8.25
16,106.75,-0.44%,105.49,-1.27
16,111.94,1.46%,107.77,-4.18
16,102.28,2.14%,107.45,5.17
16,97.31,1.36%,94.72,-2.6
16,107.66,1.01%,99.4,-8.26
16,100.79,3.25%,102.66,1.86
16,111.13,2.46%,104.29,-6.84
16,110.64,-2.11%,104.18,-6.46
16,101.6,-2.24%,101.81,0.21
16,110.61,2.91%,106.43,-4.18
16,105.36,2.21%,95.56,-9.8
16,96.51,0.02%,98.96,2.44
16,103.32,2.88%,103.77,0.45
16,113.26,1.23%,109.26,-4
16,99.1,1.36%,95.69,-3.41
16,102.04,0.91%,105.22,3.17
16,103.33,1.95%,107.35,4.01
16,113.62,0.69%,103.66,-9.97
16,110.66,1.21%,98.13,-12.53
16,100.11,-0.18%,95.21,-4.91
16,112.4,1.51%,101.34,-11.07
16,108.39,-1.66%,105.17,-3.22
16,102.79,1.01%,100.35,-2.45
16,99,2.89%,102.59,3.59
16,106.41,1.82%,112.09,5.68
16,99.57,-1.58%,96.77,-2.8
16,109.89,1.51%,113.42,3.53
16,105.21,0.50%,102.19,-3.02
16,103,-1.54%,98.63,-4.38
16,101.77,-1.03%,98.18,-3.59
16,103.42,1.42%,109.92,6.5
16,108.31,2.40%,102.79,-5.52
16,106.83,0.05%,104.41,-2.43
16,100.83,-2.41%,99.5,-1.33
16,98.31,-0.60%,102.32,4
16,110.66,2.85%,107.43,-3.23
16,108.52,1.59%,99.89,-8.63
16,94.92,-1.18%,100.94,6.01
16,97.58,-0.50%,94.74,-2.85
16,112.41,0.62%,102.05,-10.36
16,94.18,-2.22%,95.27,1.08
16,98.61,2.35%,100.92,2.31
16,96.94,-1.24%,92.76,-4.18
16,99.78,3.12%,105.17,5.39
16,105.01,-2.30%,99.92,-5.1
16,107.36,1.86%,104.89,-2.47
16,112.07,-0.79%,106.19,-5.88
16,100.87,-0.70%,103.82,2.94
16,100.48,-2.50%,96.35,-4.14
16,99.93,-0.62%,94.43,-5.5
16,100.9,0.87%,109.12,8.21
17,106.65,1.25%,102.71,-3.95
17,101,3.31%,99.68,-1.32
17,112.99,-1.51%,115.45,2.46
17,104.61,1.47%,100.66,-3.96
17,108.28,-0.22%,107.79,-0.49
17,105.68,2.52%,102.64,-3.05
17,94.33,-1.27%,98.55,4.21
17,119.46,1.38%,109.78,-9.68
17,105.68,0.99%,106.12,0.43
17,98.8,-1.49%,93.17,-5.63
17,103.38,1.47%,97.1,-6.29
17,94.46,-2.55%,104.63,10.17
17,107.65,-0.09%,105.49,-2.17
17,96.6,0.60%,91.21,-5.39
17,101.53,0.24%,97.27,-4.27
17,117.68,2.79%,106.63,-11.06
17,104.02,-1.14%,95.1,-8.93
17,111.75,1.40%,110.12,-1.63
17,101.62,-2.29%,104.29,2.67
17,104.18,-1.29%,98.75,-5.44
17,112.25,-0.58%,105.19,-7.07
17,101.92,-1.95%,103.02,1.09
17,93.53,-0.32%,98.09,4.56
17,91.51,-1.54%,95.28,3.76
17,108.22,0.55%,102.06,-6.16
17,95.45,1.68%,90.87,-4.58
17,93.44,0.61%,96.66,3.21
17,109.49,1.59%,106.26,-3.23
17,86.33,-0.49%,96.6,10.26
17,111.57,2.17%,107.67,-3.9
17,95.3,-2.15%,99.04,3.74
17,104.41,2.36%,98.53,-5.88
17,107.6,0.30%,103,-4.6
17,109.73,-0.15%,102.89,-6.85
17,96.04,-1.11%,102.65,6.61
17,101.35,0.01%,96.17,-5.18
17,100.28,-1.51%,98.22,-2.07
17,104.11,2.51%,101.88,-2.24
17,98.8,1.47%,101.52,2.71
17,101.46,-2.86%,102.06,0.6
17,89.68,-2.48%,93.24,3.55
17,101.96,-1.30%,99.25,-2.71
17,103.5,-0.01%,106.14,2.64
17,120.27,2.87%,98.67,-21.6
17,102.66,1.51%,100.48,-2.18
17,85.4,-0.62%,94.13,8.72
17,92.69,-2.31%,90.53,-2.16
17,104.63,-1.70%,100.98,-3.65
17,109.28,-0.66%,101.75,-7.54
17,108.82,1.93%,105.49,-3.33
17,114.61,2.38%,107.77,-6.85
17,104.04,1.72%,107.45,3.4
17,97.73,0.43%,94.72,-3.02
17,109.3,1.52%,99.4,-9.9
17,101.02,0.22%,102.66,1.64
17,110.29,-0.76%,104.29,-6
17,108.45,-1.98%,104.18,-4.27
17,104.63,2.98%,101.81,-2.82
17,111.68,0.96%,106.43,-5.25
17,106.04,0.64%,95.56,-10.49
17,98.03,1.57%,98.96,0.92
17,105.58,2.18%,103.77,-1.82
17,110.92,-2.07%,109.26,-1.66
17,97.16,-1.96%,95.69,-1.47
17,104.17,2.08%,105.22,1.04
17,105.67,2.26%,107.35,1.67
17,115.81,1.92%,103.66,-12.16
17,108.64,-1.83%,98.13,-10.52
17,97.48,-2.63%,95.21,-2.28
17,109.82,-2.30%,101.34,-8.48
17,106.42,-1.82%,105.17,-1.25
17,102.4,-0.38%,100.35,-2.06
17,100.84,1.85%,102.59,1.75
17,104.81,-1.51%,112.09,7.28
17,100.47,0.90%,96.77,-3.71
17,107.88,-1.83%,113.42,5.54
17,102.22,-2.85%,102.19,-0.04
17,104.38,1.33%,98.63,-5.75
17,99.29,-2.44%,98.18,-1.11
17,105.5,2.01%,109.92,4.42
17,111.75,3.17%,102.79,-8.96
17,109.29,2.30%,104.41,-4.89
17,97.98,-2.83%,99.5,1.51
17,98.89,0.58%,102.32,3.42
17,108.04,-2.37%,107.43,-0.61
17,106.56,-1.81%,99.89,-6.68
17,94.23,-0.73%,100.94,6.7
17,100.06,2.54%,94.74,-5.33
17,114.43,1.79%,102.05,-12.39
17,94.49,0.32%,95.27,0.78
17,95.97,-2.68%,100.92,4.95
17,94.34,-2.69%,92.76,-1.58
17,96.88,-2.91%,105.17,8.29
17,103.06,-1.86%,99.92,-3.15
17,108.03,0.62%,104.89,-3.15
17,114.76,2.40%,106.19,-8.58
17,104.04,3.14%,103.82,-0.23
17,101.53,1.04%,96.35,-5.19
17,97.27,-2.67%,94.43,-2.84
17,98.12,-2.76%,109.12,11
18,108.67,1.89%,102.71,-5.97
18,98.8,-2.18%,97.5,-1.3
18,114.55,1.38%,117.04,2.49
18,106.34,1.65%,102.32,-4.03
18,105.9,-2.20%,105.42,-0.49
18,107.82,2.02%,104.71,-3.11
18,95.61,1.35%,99.88,4.26
18,117.61,-1.55%,108.07,-9.55
18,103.71,-1.87%,104.14,0.43
18,99.55,0.75%,93.87,-5.68
18,106.08,2.61%,99.63,-6.46
18,92.85,-1.71%,102.84,9.99
18,106.58,-1%,104.44,-2.15
18,98.05,1.50%,92.57,-5.49
18,102.38,0.83%,98.08,-4.3
18,119.7,1.71%,108.46,-11.25
18,103.04,-0.95%,94.2,-8.85
18,108.94,-2.52%,107.35,-1.6
18,101.84,0.21%,104.51,2.67
18,103.79,-0.38%,98.38,-5.42
18,114.51,2.01%,107.3,-7.22
18,103.22,1.27%,104.33,1.1
18,94.84,1.40%,99.46,4.61
18,92.33,0.89%,96.13,3.79
18,106.74,-1.37%,100.66,-6.08
18,95.27,-0.19%,90.69,-4.58
18,91.6,-1.97%,94.75,3.15
18,108.47,-0.94%,105.27,-3.21
18,87.02,0.79%,97.37,10.35
18,109.47,-1.89%,105.64,-3.83
18,96.19,0.93%,99.96,3.76
18,103.85,-0.54%,98,-5.85
18,110.77,2.94%,106.03,-4.74
18,108.54,-1.09%,101.77,-6.78
18,94.9,-1.19%,101.43,6.53
18,102.46,1.09%,97.22,-5.24
18,97.57,-2.71%,95.56,-2.01
18,106.92,2.69%,104.62,-2.3
18,96.11,-2.73%,98.75,2.64
18,103.75,2.25%,104.36,0.6
18,90.29,0.68%,93.87,3.57
18,104.27,2.26%,101.49,-2.79
18,105.47,1.90%,108.16,2.68
18,122.14,1.55%,100.2,-21.94
18,104.31,1.60%,102.09,-2.22
18,87.73,2.72%,96.69,8.95
18,90.52,-2.35%,88.41,-2.11
18,105.71,1.03%,102.02,-3.69
18,112.31,2.77%,104.57,-7.75
18,109.02,0.18%,105.68,-3.34
18,117.88,2.85%,110.84,-7.04
18,101.16,-2.77%,104.47,3.31
18,100.87,3.21%,97.76,-3.11
18,106.61,-2.47%,96.95,-9.66
18,100.86,-0.16%,102.49,1.62
18,112.48,1.98%,106.36,-6.13
18,111.44,2.75%,107.05,-4.4
18,103.58,-1.01%,100.78,-2.8
18,114.32,2.36%,108.94,-5.38
18,108.63,2.44%,97.89,-10.74
18,100.06,2.07%,101,0.93
18,105.58,0%,103.77,-1.82
18,111.74,0.73%,110.06,-1.68
18,100.31,3.24%,98.79,-1.52
18,106.44,2.17%,107.51,1.07
18,106.8,1.06%,108.49,1.68
18,114.86,-0.83%,102.8,-12.07
18,107.97,-0.62%,97.52,-10.46
18,99.22,1.78%,96.9,-2.32
18,109.1,-0.66%,100.67,-8.43
18,106.68,0.24%,105.42,-1.27
18,99.81,-2.53%,97.81,-2
18,102.64,1.78%,104.42,1.78
18,102.75,-1.97%,109.88,7.12
18,99.07,-1.40%,95.42,-3.65
18,107.39,-0.46%,112.9,5.51
18,103.3,1.05%,103.26,-0.04
18,106.78,2.29%,100.89,-5.89
18,99.84,0.55%,98.72,-1.13
18,102.55,-2.80%,106.84,4.29
18,111.82,0.06%,102.85,-8.97
18,112.44,2.88%,107.41,-5.04
18,98.62,0.65%,100.14,1.51
18,102,3.14%,105.53,3.53
18,110.81,2.56%,110.18,-0.63
18,104.15,-2.27%,97.63,-6.53
18,97.13,3.07%,104.04,6.91
18,99.12,-0.94%,93.84,-5.29
18,112.12,-2.02%,99.98,-12.14
18,92.3,-2.32%,93.06,0.76
18,96.06,0.09%,101.01,4.95
18,92.78,-1.66%,91.22,-1.57
18,100.33,3.56%,108.91,8.57
18,100.73,-2.27%,97.66,-3.08
18,108.18,0.13%,105.03,-3.16
18,113.41,-1.18%,104.94,-8.47
18,101.65,-2.30%,101.43,-0.22
18,100.91,-0.62%,95.76,-5.15
18,96.57,-0.72%,93.75,-2.82
18,98.07,-0.06%,109.06,10.99
19,107.48,-1.10%,101.58,-5.91
19,102.11,3.35%,97.5,-4.61
19,115.06,0.44%,117.04,1.98
19,108.03,1.58%,102.32,-5.72
19,106.97,1.01%,105.42,-1.55
19,108.69,0.80%,104.71,-3.99
19,97.97,2.46%,99.88,1.9
19,115.14,-2.11%,108.07,-7.08
19,106.19,2.39%,104.14,-2.05
19,98.56,-1%,93.87,-4.69
19,104.74,-1.27%,99.63,-5.11
19,90.02,-3.05%,102.84,12.82
19,109.4,2.64%,104.44,-4.97
19,97.69,-0.37%,92.57,-5.13
19,103.66,1.25%,98.08,-5.58
19,120.43,0.60%,108.46,-11.98
19,101.84,-1.17%,94.2,-7.64
19,111.92,2.73%,107.35,-4.58
19,102.43,0.57%,104.51,2.07
19,104.4,0.58%,98.38,-6.03
19,116.37,1.62%,107.3,-9.08
19,102.68,-0.53%,104.33,1.64
19,92.54,-2.43%,99.46,6.91
19,94.87,2.75%,96.13,1.25
19,106.57,-0.16%,100.66,-5.91
19,93.41,-1.96%,90.69,-2.72
19,90.58,-1.12%,94.75,4.17
19,106.33,-1.98%,105.27,-1.07
19,86.83,-0.22%,97.37,10.54
19,110.64,1.06%,105.64,-5
19,95.64,-0.58%,99.96,4.31
19,107.03,3.06%,98,-9.04
19,108.91,-1.68%,106.03,-2.88
19,105.81,-2.52%,101.77,-4.05
19,94.85,-0.06%,101.43,6.58
19,102.47,0%,97.22,-5.25
19,100.68,3.18%,95.56,-5.13
19,109.39,2.31%,104.62,-4.77
19,97.62,1.57%,98.75,1.12
19,105.54,1.72%,104.36,-1.19
19,91.92,1.80%,93.87,1.95
19,105.15,0.84%,101.49,-3.67
19,104.45,-0.97%,108.16,3.7
19,119.19,-2.42%,100.2,-18.99
19,102.66,-1.59%,102.09,-0.57
19,88.59,0.98%,96.69,8.09
19,91.19,0.74%,88.41,-2.79
19,107.86,2.03%,102.02,-5.85
19,111.46,-0.76%,104.57,-6.89
19,111.86,2.60%,105.68,-6.18
19,120.9,2.56%,110.84,-10.07
19,102.25,1.07%,104.47,2.21
19,103.65,2.75%,97.76,-5.89
19,105.92,-0.65%,96.95,-8.97
19,99.24,-1.61%,102.49,3.25
19,114.22,1.54%,106.36,-7.86
19,110.12,-1.19%,107.05,-3.08
19,103.83,0.24%,100.78,-3.05
19,111.43,-2.53%,108.94,-2.5
19,108.67,0.03%,97.89,-10.78
19,101.96,1.89%,101,-0.96
19,103.78,-1.71%,103.77,-0.02
19,113.44,1.52%,110.06,-3.38
19,99.46,-0.85%,98.79,-0.67
19,107.11,0.62%,107.51,0.4
19,105.65,-1.08%,108.49,2.83
19,114.31,-0.48%,102.8,-11.52
19,108.01,0.03%,97.52,-10.5
19,102.01,2.81%,96.9,-5.11
19,108.61,-0.45%,100.67,-7.94
19,109.51,2.65%,105.42,-4.1
19,98.11,-1.71%,97.81,-0.3
19,99.87,-2.70%,104.42,4.54
19,106.02,3.18%,109.88,3.85
19,97.79,-1.30%,95.42,-2.38
19,105.24,-2.01%,112.9,7.66
19,103.95,0.62%,103.26,-0.69
19,109.22,2.28%,100.89,-8.33
19,97.15,-2.70%,98.72,1.56
19,104.08,1.49%,106.84,2.76
19,109.3,-2.26%,102.85,-6.46
19,114.3,1.65%,107.41,-6.89
19,99.42,0.81%,100.14,0.71
19,102.96,0.94%,105.53,2.57
19,113.78,2.68%,110.18,-3.6
19,106.38,2.14%,97.63,-8.75
19,96,-1.17%,104.04,8.04
19,96.53,-2.62%,93.84,-2.69
19,110.11,-1.80%,99.98,-10.13
19,91.18,-1.22%,93.06,1.87
19,95.07,-1.04%,101.01,5.94
19,94.85,2.23%,91.22,-3.63
19,98.6,-1.73%,108.91,10.31
19,104.17,3.41%,97.66,-6.52
19,108.01,-0.16%,105.03,-2.99
19,114.18,0.67%,104.94,-9.25
19,102.89,1.21%,101.43,-1.46
19,98.16,-2.73%,95.76,-2.4
19,95.44,-1.18%,93.75,-1.69
19,98.9,0.84%,109.06,10.15
20,110.47,2.78%,101.58,-8.89
20,103.96,1.81%,99.26,-4.7
20,117.12,1.79%,119.13,2
20,109.41,1.27%,103.62,-5.79
20,110.18,3%,108.58,-1.61
20,107.97,-0.67%,104.01,-3.96
20,95.08,-2.95%,96.93,1.85
20,113.26,-1.64%,106.3,-6.97
20,109.19,2.82%,107.08,-2.11
20,96.41,-2.19%,91.82,-4.6
20,108.16,3.26%,102.88,-5.29
20,90.33,0.34%,103.19,12.86
20,110.02,0.56%,105.03,-4.99
20,99.04,1.38%,93.84,-5.21
20,101.06,-2.51%,95.61,-5.46
20,121.97,1.27%,109.84,-12.13
20,99.98,-1.83%,92.47,-7.52
20,113.72,1.60%,109.07,-4.66
20,101.96,-0.46%,104.03,2.07
20,103.67,-0.70%,97.69,-5.99
20,119.35,2.56%,110.04,-9.31
20,100.41,-2.22%,102.02,1.6
20,91.82,-0.78%,98.68,6.86
20,94.4,-0.50%,95.65,1.25
20,104.69,-1.77%,98.88,-5.82
20,92.55,-0.93%,89.85,-2.71
20,91.6,1.12%,95.81,4.21
20,103.55,-2.62%,102.51,-1.04
20,86.92,0.10%,97.47,10.54
20,108.88,-1.60%,103.95,-4.93
20,94.33,-1.37%,98.59,4.26
20,107.83,0.74%,98.73,-9.1
20,109.8,0.81%,106.89,-2.91
20,103.4,-2.28%,99.45,-3.96
20,97.88,3.19%,104.67,6.79
20,104.87,2.34%,99.49,-5.39
20,102.9,2.20%,97.66,-5.25
20,112.24,2.60%,107.34,-4.9
20,100.01,2.44%,101.16,1.14
20,103.78,-1.67%,102.61,-1.18
20,92.46,0.58%,94.42,1.96
20,103.23,-1.83%,99.63,-3.61
20,103.18,-1.22%,106.84,3.65
20,121.31,1.77%,101.98,-19.33
20,99.66,-2.93%,99.1,-0.57
20,88.05,-0.61%,96.1,8.04
20,90.15,-1.15%,87.4,-2.75
20,107.86,0%,102.02,-5.85
20,110.47,-0.89%,103.64,-6.83
20,114.09,1.99%,107.78,-6.32
20,118.78,-1.76%,108.89,-9.89
20,104.61,2.30%,106.88,2.26
20,101.92,-1.67%,96.12,-5.8
20,102.97,-2.79%,94.24,-8.74
20,98.66,-0.59%,101.89,3.23
20,114.17,-0.05%,106.31,-7.86
20,108.82,-1.19%,105.78,-3.04
20,107.17,3.21%,104.02,-3.16
20,109.36,-1.86%,106.91,-2.46
20,111.13,2.26%,100.1,-11.03
20,104.8,2.78%,103.81,-0.99
20,103.36,-0.41%,103.35,-0.02
20,116.65,2.82%,113.17,-3.49
20,98.02,-1.45%,97.35,-0.68
20,108.79,1.56%,109.19,0.39
20,104.89,-0.72%,107.7,2.81
20,115.05,0.64%,103.46,-11.6
20,106.67,-1.25%,96.31,-10.36
20,103.64,1.59%,98.44,-5.21
20,110.14,1.40%,102.08,-8.07
20,111.05,1.40%,106.9,-4.15
20,100.47,2.40%,100.16,-0.32
20,101.43,1.56%,106.05,4.61
20,107.95,1.82%,111.88,3.92
20,95.75,-2.09%,93.42,-2.33
20,107.72,2.35%,115.56,7.84
20,102.67,-1.24%,101.98,-0.69
20,108.11,-1.02%,99.86,-8.25
20,95.56,-1.64%,97.1,1.53
20,103.99,-0.09%,106.74,2.75
20,109.41,0.10%,102.95,-6.46
20,117.54,2.83%,110.45,-7.1
20,97.92,-1.51%,98.62,0.7
20,103.32,0.34%,105.89,2.57
20,117.17,2.97%,113.46,-3.72
20,109.35,2.79%,100.35,-9
20,94.1,-1.98%,101.98,7.88
20,93.64,-3%,91.03,-2.61
20,107.26,-2.59%,97.39,-9.88
20,89.14,-2.24%,90.97,1.82
20,95.77,0.73%,101.75,5.98
20,94.18,-0.71%,90.57,-3.62
20,96.33,-2.31%,106.4,10.07
20,107.22,2.92%,100.51,-6.71
20,105.42,-2.40%,102.51,-2.91
20,114.87,0.60%,105.57,-9.31
20,101.91,-0.96%,100.46,-1.46
20,100.86,2.75%,98.39,-2.47
20,98.12,2.80%,96.38,-1.75
20,101.88,3.01%,112.34,10.46
21,113.95,3.15%,104.77,-9.19
21,107.44,3.34%,99.26,-8.18
21,119.14,1.72%,119.13,-0.02
21,107.53,-1.72%,103.62,-3.91
21,113.12,2.66%,108.58,-4.55
21,105.22,-2.55%,104.01,-1.21
21,94.35,-0.77%,96.93,2.58
21,112.89,-0.33%,106.3,-6.6
21,109,-0.18%,107.08,-1.93
21,95.41,-1.04%,91.82,-3.6
21,105.97,-2.03%,102.88,-3.1
21,91.96,1.80%,103.19,11.23
21,109.6,-0.39%,105.03,-4.57
21,100.77,1.74%,93.84,-6.93
21,104.3,3.20%,95.61,-8.69
21,120.47,-1.23%,109.84,-10.63
21,100.99,1.01%,92.47,-8.52
21,113.84,0.10%,109.07,-4.78
21,99.47,-2.45%,104.03,4.56
21,101.19,-2.40%,97.69,-3.5
21,118.96,-0.33%,110.04,-8.92
21,99.11,-1.30%,102.02,2.9
21,89.8,-2.20%,98.68,8.88
21,97.71,3.50%,95.65,-2.06
21,102.5,-2.10%,98.88,-3.63
21,92.98,0.46%,89.85,-3.14
21,90.55,-1.15%,95.81,5.26
21,104.97,1.37%,102.51,-2.46
21,89.15,2.56%,97.47,8.31
21,111.36,2.27%,103.95,-7.41
21,97.61,3.47%,98.59,0.98
21,110.14,2.14%,98.73,-11.41
21,113.07,2.97%,106.89,-6.18
21,106.86,3.34%,99.45,-7.41
21,98.25,0.37%,104.67,6.42
21,103.58,-1.24%,99.49,-4.1
21,103.66,0.73%,97.66,-6
21,109.57,-2.38%,107.34,-2.23
21,99.74,-0.27%,101.16,1.42
21,105.37,1.53%,102.61,-2.77
21,92.47,0.01%,94.42,1.95
21,101.33,-1.85%,99.63,-1.71
21,105.67,2.41%,106.84,1.17
21,123.69,1.96%,101.98,-21.71
21,98.96,-0.71%,99.1,0.14
21,85.69,-2.69%,96.1,10.4
21,92.55,2.66%,87.4,-5.15
21,108.83,0.89%,102.02,-6.82
21,113.71,2.93%,103.64,-10.07
21,115.86,1.55%,107.78,-8.08
21,118.95,0.14%,108.89,-10.07
21,103.91,-0.67%,106.88,2.96
21,102.93,0.99%,96.12,-6.82
21,100.41,-2.49%,94.24,-6.18
21,100,1.35%,101.89,1.89
21,116.4,1.95%,106.31,-10.1
21,107.08,-1.60%,105.78,-1.3
21,104.43,-2.56%,104.02,-0.42
21,108.4,-0.88%,106.91,-1.5
21,111.69,0.50%,100.1,-11.6
21,108,3.05%,103.81,-4.19
21,106.49,3.02%,103.35,-3.15
21,115.83,-0.71%,113.17,-2.66
21,100.33,2.35%,97.35,-2.99
21,110.67,1.72%,109.19,-1.49
21,105.79,0.85%,107.7,1.9
21,114.95,-0.09%,103.46,-11.5
21,109.32,2.48%,96.31,-13.01
21,105.95,2.22%,98.44,-7.52
21,110.98,0.76%,102.08,-8.91
21,108.09,-2.67%,106.9,-1.19
21,98.51,-1.96%,100.16,1.64
21,102.84,1.39%,106.05,3.2
21,105.28,-2.48%,111.88,6.59
21,96.43,0.71%,93.42,-3.02
21,108.71,0.91%,115.56,6.85
21,103.77,1.07%,101.98,-1.79
21,106.19,-1.78%,99.86,-6.33
21,98.95,3.54%,97.1,-1.86
21,102.78,-1.17%,106.74,3.95
21,106.72,-2.46%,102.95,-3.77
21,119.54,1.70%,110.45,-9.1
21,96.44,-1.52%,98.62,2.18
21,106.27,2.85%,105.89,-0.38
21,119.16,1.69%,113.46,-5.71
21,112.32,2.71%,100.35,-11.97
21,92.6,-1.60%,101.98,9.38
21,93.02,-0.67%,91.03,-1.99
21,107.4,0.13%,97.39,-10.02
21,88.34,-0.90%,90.97,2.62
21,95.4,-0.39%,101.75,6.34
21,96.76,2.73%,90.57,-6.2
21,99.67,3.46%,106.4,6.73
21,108.82,1.49%,100.51,-8.31
21,104.91,-0.49%,102.51,-2.4
21,116.98,1.83%,105.57,-11.42
21,101.7,-0.21%,100.46,-1.25
21,104.35,3.46%,98.39,-5.96
21,95.35,-2.83%,96.38,1.03
21,98.88,-2.95%,112.34,13.46
22,115.72,1.55%,104.77,-10.96
22,107.09,-0.33%,98.93,-8.16
22,116.36,-2.34%,116.35,-0.02
22,106.01,-1.42%,102.15,-3.86
22,113.18,0.05%,108.63,-4.56
22,107.65,2.30%,106.41,-1.25
22,91.99,-2.51%,94.5,2.51
22,116.2,2.93%,109.41,-6.8
22,106.25,-2.53%,104.37,-1.88
22,98.27,2.99%,94.57,-3.71
22,103.43,-2.40%,100.41,-3.03
22,94.25,2.49%,105.75,11.5
22,108.39,-1.11%,103.87,-4.52
22,104.16,3.36%,96.99,-7.18
22,103.49,-0.78%,94.86,-8.63
22,119.78,-0.58%,109.21,-10.58
22,99.19,-1.79%,90.82,-8.38
22,114.35,0.44%,109.55,-4.8
22,98.21,-1.27%,102.71,4.5
22,103.91,2.68%,100.31,-3.6
22,121.89,2.46%,112.75,-9.14
22,101.44,2.35%,104.41,2.96
22,91.43,1.81%,100.47,9.03
22,96.75,-0.99%,94.71,-2.05
22,99.79,-2.65%,96.26,-3.54
22,90.91,-2.23%,87.84,-3.07
22,93.36,3.10%,98.78,5.42
22,105.95,0.93%,103.46,-2.5
22,86.7,-2.75%,94.79,8.09
22,108.83,-2.28%,101.58,-7.25
22,99.89,2.33%,100.89,1
22,107.48,-2.42%,96.34,-11.14
22,110.32,-2.44%,104.29,-6.03
22,105.17,-1.59%,97.87,-7.3
22,98.28,0.03%,104.7,6.42
22,105.72,2.06%,101.54,-4.18
22,107.11,3.32%,100.91,-6.21
22,106.74,-2.59%,104.56,-2.18
22,100.04,0.30%,101.46,1.41
22,103.36,-1.91%,100.65,-2.71
22,90.83,-1.78%,92.74,1.9
22,98.64,-2.66%,96.98,-1.66
22,105.96,0.27%,107.13,1.17
22,125.38,1.36%,103.37,-22.01
22,100.35,1.40%,100.49,0.14
22,88.15,2.87%,98.85,10.69
22,90.56,-2.16%,85.52,-5.05
22,107.95,-0.81%,101.19,-6.77
22,114.9,1.04%,104.72,-10.19
22,117.18,1.13%,109,-8.19
22,116.45,-2.11%,106.6,-9.86
22,105.51,1.53%,108.52,3
22,105.49,2.48%,98.51,-6.98
22,102.17,1.75%,95.89,-6.29
22,97.22,-2.79%,99.05,1.82
22,119.85,2.96%,109.46,-10.39
22,105.29,-1.68%,104.01,-1.29
22,103.46,-0.93%,103.05,-0.41
22,108.04,-0.34%,106.55,-1.5
22,114.83,2.81%,102.91,-11.93
22,107.6,-0.38%,103.42,-4.18
22,105.68,-0.77%,102.56,-3.13
22,117.98,1.85%,115.27,-2.72
22,100.44,0.10%,97.45,-2.99
22,109.57,-1%,108.1,-1.47
22,105.59,-0.19%,107.49,1.89
22,117.52,2.23%,105.77,-11.75
22,112.51,2.91%,99.12,-13.39
22,103.08,-2.71%,95.77,-7.32
22,111.76,0.70%,102.79,-8.97
22,106.13,-1.82%,104.96,-1.18
22,96.56,-1.98%,98.17,1.6
22,106.33,3.39%,109.64,3.31
22,108.02,2.60%,114.79,6.77
22,94.9,-1.59%,91.93,-2.97
22,107.85,-0.80%,114.64,6.79
22,105.38,1.55%,103.56,-1.82
22,107.71,1.43%,101.28,-6.43
22,100.31,1.37%,98.43,-1.88
22,102.19,-0.58%,106.12,3.93
22,108.32,1.49%,104.49,-3.83
22,120.66,0.93%,111.48,-9.18
22,94.3,-2.22%,96.43,2.13
22,107.06,0.74%,106.67,-0.4
22,120.95,1.50%,115.16,-5.8
22,110.94,-1.23%,99.11,-11.83
22,90.05,-2.76%,99.17,9.12
22,91.32,-1.83%,89.36,-1.96
22,108.16,0.70%,98.07,-10.1
22,88.95,0.69%,91.59,2.64
22,96.69,1.35%,103.12,6.43
22,98.43,1.72%,92.13,-6.31
22,101.85,2.18%,108.72,6.87
22,110.41,1.46%,101.97,-8.44
22,105.8,0.84%,103.37,-2.43
22,116.73,-0.22%,105.34,-11.39
22,99.67,-2%,98.45,-1.22
22,103.5,-0.82%,97.58,-5.93
22,92.71,-2.77%,93.71,1
22,101.58,2.73%,115.4,13.82
23,117.64,1.65%,106.5,-11.14
23,107.02,-0.07%,98.93,-8.09
23,118.63,1.95%,116.35,-2.29
23,106.48,0.44%,102.15,-4.33
23,110.77,-2.13%,108.63,-2.15
23,105.34,-2.15%,106.41,1.06
23,92.19,0.21%,94.5,2.31
23,116.83,0.54%,109.41,-7.43
23,109.42,2.98%,104.37,-5.05
23,99.08,0.82%,94.57,-4.52
23,106.55,3.01%,100.41,-6.14
23,92.7,-1.65%,105.75,13.04
23,110.62,2.05%,103.87,-6.75
23,101.27,-2.78%,96.99,-4.29
23,104.86,1.32%,94.86,-10
23,118.79,-0.83%,109.21,-9.59
23,99.21,0.02%,90.82,-8.39
23,112.61,-1.53%,109.55,-3.07
23,101.65,3.50%,102.71,1.05
23,103.97,0.05%,100.31,-3.66
23,119.51,-1.96%,112.75,-6.77
23,102.6,1.14%,104.41,1.81
23,94.77,3.65%,100.47,5.7
23,98.58,1.89%,94.71,-3.88
23,100.62,0.83%,96.26,-4.36
23,88.49,-2.67%,87.84,-0.65
23,94.26,0.96%,98.78,4.51
23,106.07,0.11%,103.46,-2.61
23,88.72,2.32%,94.79,6.07
23,106.38,-2.26%,101.58,-4.8
23,98.83,-1.07%,100.89,2.06
23,109.82,2.17%,96.34,-13.48
23,113.16,2.57%,104.29,-8.87
23,102.74,-2.32%,97.87,-4.87
23,100,1.75%,104.7,4.7
23,108.86,2.97%,101.54,-7.32
23,105.74,-1.28%,100.91,-4.83
23,106.13,-0.58%,104.56,-1.57
23,97.49,-2.55%,101.46,3.96
23,105.61,2.17%,100.65,-4.96
23,88.24,-2.86%,92.74,4.5
23,97.58,-1.08%,96.98,-0.6
23,107.89,1.82%,107.13,-0.77
23,123.68,-1.36%,103.37,-20.32
23,97.39,-2.95%,100.49,3.09
23,91.31,3.58%,98.85,7.53
23,90.95,0.43%,85.52,-5.44
23,105.36,-2.40%,101.19,-4.18
23,113.09,-1.58%,104.72,-8.38
23,118.01,0.70%,109,-9.02
23,118.39,1.66%,106.6,-11.8
23,107.41,1.80%,108.52,1.1
23,106.47,0.92%,98.51,-7.96
23,103.29,1.09%,95.89,-7.41
23,97.47,0.25%,99.05,1.57
23,117.93,-1.61%,109.46,-8.48
23,106.59,1.23%,104.01,-2.58
23,101.77,-1.64%,103.05,1.28
23,105.53,-2.33%,106.55,1.01
23,115.57,0.64%,102.91,-12.66
23,108.94,1.24%,103.42,-5.52
23,103.86,-1.73%,102.56,-1.3
23,120.84,2.42%,115.27,-5.58
23,103.24,2.78%,97.45,-5.79
23,107.61,-1.79%,108.1,0.48
23,107.64,1.94%,107.49,-0.16
23,117.52,0%,105.77,-11.75
23,112.79,0.24%,99.12,-13.68
23,104.08,0.97%,95.77,-8.32
23,109.51,-2.02%,102.79,-6.72
23,108.02,1.78%,104.96,-3.07
23,94.46,-2.18%,98.17,3.71
23,108.83,2.35%,109.64,0.81
23,107.99,-0.03%,114.79,6.8
23,97.19,2.41%,91.93,-5.26
23,108.36,0.47%,114.64,6.28
23,102.83,-2.42%,103.56,0.73
23,111.02,3.07%,101.28,-9.74
23,102.16,1.84%,98.43,-3.73
23,103.09,0.88%,106.12,3.03
23,111.18,2.64%,104.49,-6.7
23,120.86,0.16%,111.48,-9.38
23,92.31,-2.12%,96.43,4.12
23,108.65,1.48%,106.67,-1.99
23,121.66,0.58%,115.16,-6.5
23,112.32,1.24%,99.11,-13.21
23,93.35,3.66%,99.17,5.82
23,91.29,-0.04%,89.36,-1.94
23,108.84,0.62%,98.07,-10.78
23,87.91,-1.17%,91.59,3.68
23,98.06,1.41%,103.12,5.06
23,96.18,-2.29%,92.13,-4.06
23,105.3,3.38%,108.72,3.42
23,112.22,1.63%,101.97,-10.25
23,106.44,0.60%,103.37,-3.07
23,114.83,-1.63%,105.34,-9.49
23,96.87,-2.81%,98.45,1.57
23,103.84,0.32%,97.58,-6.27
23,90.13,-2.79%,93.71,3.57
23,100.25,-1.31%,115.4,15.15
24,118.31,0.56%,106.5,-11.82
24,105.2,-1.71%,97.24,-7.97
24,116.03,-2.20%,113.79,-2.24
24,108.47,1.86%,104.05,-4.43
24,111.81,0.93%,109.64,-2.18
24,107.3,1.86%,108.38,1.07
24,92.38,0.20%,94.69,2.31
24,116.69,-0.12%,109.27,-7.43
24,111.28,1.69%,106.14,-5.14
24,97.4,-1.70%,92.96,-4.45
24,105.95,-0.57%,99.84,-6.11
24,90.61,-2.26%,103.36,12.75
24,110.65,0.02%,103.89,-6.77
24,98.94,-2.31%,94.75,-4.19
24,105.62,0.72%,95.54,-10.08
24,120.97,1.83%,111.21,-9.77
24,100.22,1.01%,91.74,-8.49
24,111.95,-0.59%,108.9,-3.05
24,104.64,2.94%,105.73,1.09
24,105.78,1.74%,102.05,-3.74
24,120.92,1.17%,114.08,-6.85
24,100.32,-2.23%,102.08,1.76
24,94.5,-0.29%,100.18,5.68
24,95.94,-2.68%,92.17,-3.77
24,97.84,-2.77%,93.6,-4.25
24,91.38,3.26%,90.7,-0.68
24,94.8,0.57%,99.34,4.54
24,107.36,1.21%,104.71,-2.66
24,87.3,-1.61%,93.27,5.96
24,108.41,1.90%,103.51,-4.9
24,99.07,0.24%,101.13,2.06
24,108.9,-0.84%,95.53,-13.38
24,113.74,0.51%,104.82,-8.93
24,104.4,1.61%,99.45,-4.96
24,100.96,0.95%,105.7,4.74
24,109.93,0.98%,102.53,-7.41
24,103.83,-1.81%,99.08,-4.75
24,109.14,2.83%,107.52,-1.63
24,97.99,0.51%,101.98,3.99
24,106.43,0.77%,101.43,-5
24,89.42,1.33%,93.98,4.56
24,100.7,3.19%,100.08,-0.63
24,105.62,-2.11%,104.87,-0.75
24,122.15,-1.24%,102.09,-20.07
24,100.76,3.46%,103.96,3.19
24,91.59,0.30%,99.15,7.56
24,92.32,1.50%,86.8,-5.52
24,108.49,2.97%,104.19,-4.3
24,111.3,-1.59%,103.06,-8.24
24,115.22,-2.37%,106.42,-8.8
24,117.43,-0.82%,105.73,-11.71
24,107.85,0.40%,108.96,1.1
24,107.67,1.12%,99.62,-8.05
24,103.53,0.23%,96.11,-7.43
24,99.09,1.66%,100.69,1.59
24,118.98,0.89%,110.43,-8.55
24,103.7,-2.72%,101.18,-2.52
24,101.79,0.01%,103.07,1.27
24,104.35,-1.12%,105.35,1
24,118.9,2.88%,105.87,-13.03
24,107.56,-1.27%,102.1,-5.47
24,102.19,-1.61%,100.91,-1.29
24,122.45,1.33%,116.8,-5.66
24,104.67,1.38%,98.79,-5.88
24,107.93,0.29%,108.42,0.48
24,107.85,0.19%,107.69,-0.16
24,118.2,0.57%,106.38,-11.83
24,113.99,1.06%,100.17,-13.82
24,106.28,2.11%,97.79,-8.49
24,107.02,-2.28%,100.45,-6.57
24,108.65,0.58%,105.57,-3.09
24,92.19,-2.41%,95.81,3.62
24,110.13,1.19%,110.94,0.81
24,111.36,3.12%,118.37,7.01
24,97.44,0.25%,92.16,-5.29
24,109.41,0.96%,115.75,6.34
24,101.69,-1.11%,102.41,0.71
24,113.28,2.03%,103.34,-9.94
24,100.92,-1.22%,97.23,-3.69
24,104.15,1.02%,107.21,3.05
24,111.58,0.35%,104.86,-6.72
24,124.27,2.82%,114.62,-9.65
24,89.92,-2.59%,93.93,4.01
24,105.96,-2.48%,104.02,-1.94
24,120.36,-1.07%,113.92,-6.44
24,114.86,2.26%,101.35,-13.52
24,91.46,-2.03%,97.16,5.7
24,92.94,1.80%,90.97,-1.97
24,106.66,-2.01%,96.1,-10.57
24,87.1,-0.93%,90.74,3.64
24,95.89,-2.22%,100.83,4.93
24,93.39,-2.91%,89.45,-3.94
24,103.33,-1.88%,106.68,3.35
24,113.3,0.96%,102.95,-10.35
24,105.43,-0.95%,102.38,-3.06
24,116.89,1.79%,107.22,-9.68
24,97.48,0.62%,99.06,1.57
24,104.08,0.23%,97.8,-6.29
24,90.69,0.62%,94.29,3.6
24,98.44,-1.81%,113.31,14.87
25,121.79,2.94%,109.63,-12.17
25,106.36,1.10%,97.24,-9.13
25,118.8,2.38%,113.79,-5.01
25,107.9,-0.53%,104.05,-3.86
25,114.54,2.44%,109.64,-4.91
25,107.51,0.19%,108.38,0.86
25,95.22,3.07%,94.69,-0.54
25,114.09,-2.23%,109.27,-4.83
25,112.61,1.19%,106.14,-6.47
25,97.12,-0.29%,92.96,-4.17
25,107.91,1.84%,99.84,-8.07
25,93.89,3.61%,103.36,9.46
25,113.83,2.87%,103.89,-9.94
25,98.83,-0.12%,94.75,-4.08
25,105.31,-0.30%,95.54,-9.77
25,120.82,-0.13%,111.21,-9.61
25,101.8,1.57%,91.74,-10.07
25,112.83,0.78%,108.9,-3.93
25,102.92,-1.65%,105.73,2.81
25,108.59,2.65%,102.05,-6.55
25,122.25,1.09%,114.08,-8.18
25,100.94,0.61%,102.08,1.14
25,97.21,2.86%,100.18,2.97
25,98.06,2.20%,92.17,-5.89
25,101.27,3.50%,93.6,-7.68
25,92.82,1.57%,90.7,-2.12
25,93.59,-1.28%,99.34,5.75
25,110.72,3.12%,104.71,-6.02
25,88.46,1.32%,93.27,4.81
25,105.75,-2.46%,103.51,-2.24
25,98.63,-0.45%,101.13,2.5
25,107.52,-1.27%,95.53,-11.99
25,111.51,-1.97%,104.82,-6.7
25,103.33,-1.03%,99.45,-3.88
25,103.11,2.12%,105.7,2.59
25,110.27,0.30%,102.53,-7.74
25,106.93,2.98%,99.08,-7.86
25,111.17,1.85%,107.52,-3.66
25,99.02,1.05%,101.98,2.96
25,107.96,1.43%,101.43,-6.53
25,88.76,-0.74%,93.98,5.21
25,98.31,-2.38%,100.08,1.76
25,103.6,-1.92%,104.87,1.27
25,120.83,-1.09%,102.09,-18.74
25,98.99,-1.76%,103.96,4.96
25,92.66,1.16%,99.15,6.49
25,95.38,3.31%,86.8,-8.58
25,107.25,-1.15%,104.19,-3.07
25,112.65,1.21%,103.06,-9.6
25,112.38,-2.47%,106.42,-5.96
25,118.37,0.80%,105.73,-12.64
25,105.83,-1.88%,108.96,3.12
25,104.97,-2.51%,99.62,-5.35
25,105.01,1.42%,96.11,-8.91
25,98.36,-0.74%,100.69,2.32
25,120.59,1.35%,110.43,-10.16
25,103.69,-0.01%,101.18,-2.51
25,102.53,0.72%,103.07,0.53
25,103.94,-0.40%,105.35,1.4
25,120.79,1.58%,105.87,-14.93
25,108.7,1.05%,102.1,-6.61
25,101.5,-0.68%,100.91,-0.6
25,123.71,1.02%,116.8,-6.91
25,105.61,0.89%,98.79,-6.82
25,106.88,-0.98%,108.42,1.54
25,107.4,-0.42%,107.69,0.28
25,119.26,0.89%,106.38,-12.89
25,116.1,1.85%,100.17,-15.93
25,103.36,-2.75%,97.79,-5.57
25,107.36,0.31%,100.45,-6.91
25,107.42,-1.14%,105.57,-1.86
25,90.57,-1.76%,95.81,5.24
25,112.71,2.34%,110.94,-1.77
25,112.04,0.61%,118.37,6.32
25,94.59,-2.93%,92.16,-2.44
25,111.15,1.59%,115.75,4.59
25,99.56,-2.10%,102.41,2.84
25,116.7,3.01%,103.34,-13.36
25,100.97,0.04%,97.23,-3.74
25,101.35,-2.69%,107.21,5.86
25,110.88,-0.63%,104.86,-6.02
25,123.07,-0.97%,114.62,-8.45
25,87.61,-2.57%,93.93,6.32
25,106.52,0.52%,104.02,-2.5
25,117.89,-2.06%,113.92,-3.97
25,116.77,1.66%,101.35,-15.43
25,94.64,3.47%,97.16,2.51
25,95.7,2.96%,90.97,-4.74
25,107.68,0.95%,96.1,-11.59
25,89.79,3.08%,90.74,0.94
25,93.74,-2.25%,100.83,7.09
25,90.75,-2.83%,89.45,-1.3
25,100.92,-2.34%,106.68,5.76
25,113.49,0.16%,102.95,-10.54
25,106.95,1.44%,102.38,-4.58
25,114.16,-2.34%,107.22,-6.94
25,97.03,-0.47%,99.06,2.03
25,104.57,0.47%,97.8,-6.77
25,93.86,3.49%,94.29,0.43
25,99.82,1.40%,113.31,13.49
26,119.92,-1.54%,109.63,-10.3
26,105.64,-0.68%,96.58,-9.07
26,121.4,2.18%,116.28,-5.13
26,106.92,-0.91%,103.1,-3.83
26,113.92,-0.55%,109.04,-4.88
26,110.84,3.09%,111.73,0.89
26,95.25,0.03%,94.71,-0.55
26,116.5,2.11%,111.57,-4.94
26,112.25,-0.32%,105.8,-6.46
26,95.1,-2.08%,91.02,-4.08
26,106.57,-1.25%,98.6,-7.97
26,92.79,-1.18%,102.14,9.34
26,112.72,-0.98%,102.87,-9.85
26,101.29,2.48%,97.1,-4.2
26,105.13,-0.18%,95.37,-9.76
26,122.19,1.13%,112.47,-9.72
26,105.09,3.23%,94.7,-10.39
26,111.43,-1.25%,107.54,-3.9
26,102.26,-0.65%,105.05,2.78
26,107.67,-0.85%,101.18,-6.49
26,121.63,-0.51%,113.5,-8.13
26,103.38,2.41%,104.54,1.16
26,94.41,-2.89%,97.29,2.88
26,97.28,-0.80%,91.43,-5.85
26,101.07,-0.20%,93.41,-7.66
26,93.02,0.21%,90.89,-2.13
26,95.63,2.17%,101.5,5.87
26,111.13,0.37%,105.09,-6.04
26,90.91,2.76%,95.85,4.93
26,107.48,1.63%,105.2,-2.29
26,101.51,2.92%,104.08,2.56
26,109.9,2.21%,97.64,-12.27
26,110.01,-1.35%,103.4,-6.61
26,101.97,-1.32%,98.14,-3.83
26,102.17,-0.92%,104.73,2.56
26,111.16,0.80%,103.35,-7.82
26,106.7,-0.22%,98.86,-7.85
26,109.11,-1.86%,105.52,-3.6
26,101.9,2.90%,104.94,3.03
26,110,1.88%,103.34,-6.66
26,87.08,-1.90%,92.2,5.12
26,98.61,0.30%,100.38,1.76
26,103.74,0.13%,105.01,1.27
26,119.47,-1.13%,100.94,-18.53
26,101.51,2.54%,106.6,5.08
26,94.67,2.16%,101.3,6.62
26,96.33,0.99%,87.66,-8.68
26,106.61,-0.60%,103.56,-3.05
26,115.18,2.24%,105.37,-9.82
26,111.35,-0.92%,105.44,-5.91
26,116.02,-1.99%,103.63,-12.39
26,105.5,-0.32%,108.62,3.12
26,102.46,-2.40%,97.23,-5.23
26,105.91,0.85%,96.93,-8.98
26,97.96,-0.41%,100.28,2.32
26,121.06,0.38%,110.86,-10.21
26,103.5,-0.19%,100.99,-2.52
26,102.55,0.01%,103.09,0.54
26,105.15,1.16%,106.57,1.41
26,117.98,-2.33%,103.4,-14.58
26,106.86,-1.70%,100.37,-6.49
26,102.41,0.89%,101.81,-0.6
26,125.61,1.53%,118.59,-7.02
26,103.98,-1.55%,97.26,-6.72
26,107.74,0.80%,109.29,1.55
26,109.01,1.49%,109.3,0.28
26,116.7,-2.15%,104.09,-12.61
26,116,-0.09%,100.08,-15.93
26,101.22,-2.08%,95.76,-5.46
26,104.97,-2.23%,98.21,-6.77
26,109.39,1.83%,107.5,-1.9
26,91.83,1.39%,97.14,5.31
26,112.04,-0.60%,110.28,-1.77
26,109.49,-2.28%,115.67,6.18
26,96.65,2.17%,94.16,-2.5
26,110,-1.04%,114.55,4.54
26,100.09,0.53%,102.95,2.85
26,119.09,2.04%,105.45,-13.64
26,99.14,-1.82%,95.46,-3.69
26,101.75,0.39%,107.63,5.87
26,108.17,-2.45%,102.29,-5.88
26,125.49,1.96%,116.87,-8.62
26,87.68,0.07%,94,6.31
26,106.85,0.30%,104.34,-2.51
26,119.39,1.27%,115.36,-4.04
26,119.72,2.52%,103.91,-15.82
26,92.45,-2.32%,94.91,2.45
26,96.44,0.77%,91.67,-4.77
26,105.5,-2.03%,94.15,-11.35
26,90.98,1.32%,91.94,0.95
26,96.08,2.49%,103.34,7.26
26,87.97,-3.07%,86.7,-1.27
26,101.86,0.93%,107.67,5.81
26,114.35,0.75%,103.73,-10.62
26,105.03,-1.80%,100.54,-4.49
26,111.99,-1.91%,105.18,-6.81
26,97.54,0.52%,99.58,2.03
26,101.77,-2.68%,95.18,-6.59
26,95.88,2.15%,96.31,0.43
26,103.18,3.36%,117.12,13.93
27,119.05,-0.73%,108.83,-10.22
27,104.65,-0.94%,96.58,-8.08
27,123.83,2%,116.28,-7.55
27,104.74,-2.04%,103.1,-1.65
27,112.62,-1.15%,109.04,-3.58
27,110.25,-0.54%,111.73,1.48
27,94.99,-0.28%,94.71,-0.29
27,117.52,0.87%,111.57,-5.96
27,115.31,2.72%,105.8,-9.52
27,95.27,0.17%,91.02,-4.25
27,107.51,0.88%,98.6,-8.92
27,91.95,-0.91%,102.14,10.18
27,112.32,-0.36%,102.87,-9.45
27,101.03,-0.26%,97.1,-3.94
27,108.05,2.77%,95.37,-12.68
27,123.42,1%,112.47,-10.96
27,103.39,-1.62%,94.7,-8.69
27,108.57,-2.57%,107.54,-1.03
27,103.39,1.10%,105.05,1.65
27,107.77,0.09%,101.18,-6.59
27,119.05,-2.13%,113.5,-5.55
27,103.79,0.39%,104.54,0.75
27,94.86,0.47%,97.29,2.43
27,98.06,0.80%,91.43,-6.63
27,100.35,-0.72%,93.41,-6.94
27,94.17,1.23%,90.89,-3.29
27,96.96,1.39%,101.5,4.54
27,113.9,2.49%,105.09,-8.82
27,93.69,3.05%,95.85,2.15
27,104.73,-2.56%,105.2,0.46
27,104.67,3.11%,104.08,-0.6
27,112.79,2.62%,97.64,-15.16
27,109.16,-0.78%,103.4,-5.76
27,99.97,-1.97%,98.14,-1.83
27,102.62,0.44%,104.73,2.1
27,114.5,3%,103.35,-11.16
27,105.45,-1.18%,98.86,-6.6
27,111.67,2.34%,105.52,-6.16
27,99.17,-2.68%,104.94,5.76
27,107.94,-1.88%,103.34,-4.6
27,89.2,2.43%,92.2,3
27,96.28,-2.37%,100.38,4.09
27,104.65,0.87%,105.01,0.35
27,117.34,-1.79%,100.94,-16.41
27,103.22,1.68%,106.6,3.37
27,97.52,3.01%,101.3,3.78
27,97.73,1.45%,87.66,-10.08
27,106.87,0.24%,103.56,-3.32
27,118.12,2.55%,105.37,-12.75
27,112.04,0.61%,105.44,-6.61
27,116.47,0.38%,103.63,-12.85
27,106.41,0.86%,108.62,2.21
27,104.72,2.20%,97.23,-7.49
27,106.31,0.37%,96.93,-9.38
27,100.74,2.83%,100.28,-0.46
27,119.89,-0.97%,110.86,-9.04
27,102.52,-0.95%,100.99,-1.54
27,99.71,-2.77%,103.09,3.38
27,102.73,-2.31%,106.57,3.83
27,117.71,-0.23%,103.4,-14.31
27,109.9,2.84%,100.37,-9.54
27,105.52,3.03%,101.81,-3.71
27,123.1,-2%,118.59,-4.51
27,101.19,-2.69%,97.26,-3.93
27,109.51,1.64%,109.29,-0.22
27,109.61,0.55%,109.3,-0.32
27,116.2,-0.43%,104.09,-12.11
27,113.9,-1.82%,100.08,-13.83
27,98.56,-2.63%,95.76,-2.8
27,103.6,-1.31%,98.21,-5.39
27,110.7,1.19%,107.5,-3.21
27,89,-3.09%,97.14,8.14
27,112.6,0.49%,110.28,-2.32
27,108.74,-0.69%,115.67,6.93
27,98.34,1.74%,94.16,-4.19
27,107.67,-2.12%,114.55,6.87
27,97.3,-2.79%,102.95,5.65
27,118.46,-0.53%,105.45,-13.01
27,98.51,-0.64%,95.46,-3.06
27,105.05,3.24%,107.63,2.57
27,110.26,1.93%,102.29,-7.97
27,126.46,0.77%,116.87,-9.59
27,89.52,2.09%,94,4.48
27,107.75,0.84%,104.34,-3.41
27,121.18,1.49%,115.36,-5.83
27,119.8,0.06%,103.91,-15.89
27,93.98,1.65%,94.91,0.92
27,95.88,-0.59%,91.67,-4.21
27,103.92,-1.50%,94.15,-9.77
27,89.2,-1.96%,91.94,2.73
27,97.58,1.56%,103.34,5.76
27,89.92,2.21%,86.7,-3.22
27,102.06,0.19%,107.67,5.61
27,113.93,-0.37%,103.73,-10.21
27,103.11,-1.83%,100.54,-2.57
27,111.65,-0.31%,105.18,-6.47
27,98.47,0.95%,99.58,1.1
27,99.82,-1.92%,95.18,-4.64
27,95.04,-0.88%,96.31,1.26
27,104.96,1.72%,117.12,12.16
28,119.15,0.08%,108.83,-10.33
28,105.25,0.57%,97.13,-8.13
28,123.87,0.03%,116.31,-7.57
28,108.22,3.32%,106.52,-1.71
28,112.88,0.23%,109.29,-3.59
28,108.53,-1.57%,109.98,1.45
28,94.97,-0.03%,94.69,-0.29
28,114.83,-2.29%,109.01,-5.82
28,114.89,-0.37%,105.41,-9.49
28,93.67,-1.68%,89.49,-4.19
28,109.05,1.43%,100.01,-9.04
28,91.36,-0.65%,101.48,10.12
28,113.97,1.46%,104.38,-9.6
28,104.04,2.97%,99.99,-4.06
28,108.16,0.10%,95.46,-12.71
28,124.13,0.57%,113.11,-11.02
28,101.33,-2%,92.81,-8.52
28,108.33,-0.23%,107.3,-1.04
28,100.43,-2.87%,102.04,1.6
28,106.05,-1.60%,99.56,-6.49
28,119.97,0.77%,114.37,-5.6
28,104.23,0.42%,104.98,0.75
28,98.3,3.62%,100.81,2.51
28,98.6,0.55%,91.93,-6.67
28,101.44,1.08%,94.42,-7.02
28,96.88,2.87%,93.5,-3.38
28,96.44,-0.54%,100.95,4.51
28,112.28,-1.43%,103.59,-8.69
28,94.07,0.40%,96.23,2.16
28,103.48,-1.20%,103.94,0.45
28,104.66,-0.01%,104.07,-0.6
28,115.38,2.29%,99.88,-15.5
28,110.56,1.28%,104.72,-5.85
28,101.63,1.66%,99.76,-1.87
28,103.33,0.69%,105.45,2.12
28,111.96,-2.22%,101.05,-10.91
28,104.51,-0.90%,97.97,-6.55
28,111.59,-0.08%,105.44,-6.16
28,100.43,1.27%,106.27,5.83
28,108.17,0.21%,103.56,-4.61
28,87.15,-2.30%,90.08,2.92
28,94.57,-1.78%,98.59,4.02
28,106.77,2.02%,107.13,0.35
28,120.04,2.30%,103.26,-16.78
28,101.86,-1.32%,105.19,3.32
28,97.27,-0.26%,101.04,3.77
28,98.6,0.89%,88.44,-10.16
28,109.54,2.49%,106.14,-3.41
28,118.6,0.40%,105.79,-12.81
28,113.37,1.18%,106.69,-6.69
28,114.17,-1.98%,101.58,-12.6
28,107.72,1.23%,109.95,2.23
28,102.93,-1.71%,95.56,-7.38
28,104.48,-1.73%,95.26,-9.22
28,103.96,3.19%,103.48,-0.48
28,118.04,-1.55%,109.14,-8.91
28,104.77,2.19%,103.2,-1.57
28,99.88,0.17%,103.26,3.38
28,102.6,-0.13%,106.43,3.83
28,116.32,-1.19%,102.17,-14.15
28,110.71,0.73%,101.1,-9.61
28,102.99,-2.40%,99.36,-3.63
28,126.3,2.59%,121.67,-4.63
28,100.48,-0.71%,96.57,-3.92
28,110.69,1.07%,110.46,-0.24
28,112.72,2.83%,112.4,-0.32
28,118.14,1.66%,105.82,-12.33
28,116.13,1.95%,102.03,-14.1
28,98.03,-0.54%,95.24,-2.8
28,103.71,0.10%,98.31,-5.4
28,111.4,0.63%,108.17,-3.24
28,89.47,0.52%,97.65,8.18
28,114.72,1.88%,112.35,-2.38
28,107.8,-0.87%,114.67,6.87
28,96.89,-1.48%,92.77,-4.13
28,110.83,2.93%,117.91,7.07
28,95.63,-1.72%,101.18,5.55
28,121.41,2.49%,108.07,-13.35
28,99.5,1%,96.41,-3.1
28,107.43,2.26%,110.06,2.62
28,107.87,-2.17%,100.07,-7.81
28,126.02,-0.35%,116.46,-9.57
28,90.02,0.55%,94.52,4.5
28,105.56,-2.04%,102.21,-3.36
28,123.42,1.84%,117.49,-5.94
28,117.88,-1.61%,102.24,-15.64
28,93.17,-0.87%,94.09,0.92
28,96.96,1.12%,92.7,-4.26
28,104.47,0.52%,94.64,-9.83
28,91.65,2.74%,94.46,2.8
28,97.26,-0.33%,103,5.73
28,88.82,-1.23%,85.63,-3.19
28,104.01,1.91%,109.72,5.7
28,111.92,-1.77%,101.89,-10.04
28,101.2,-1.86%,98.67,-2.54
28,108.77,-2.58%,102.46,-6.32
28,97.89,-0.59%,98.99,1.09
28,101.26,1.44%,96.55,-4.72
28,96.8,1.85%,98.09,1.29
28,105.47,0.48%,117.68,12.21
29,119.85,0.58%,109.46,-10.39
29,103.31,-1.85%,97.13,-6.19
29,126.22,1.89%,116.31,-9.91
29,110.42,2.03%,106.52,-3.91
29,109.94,-2.61%,109.29,-0.65
29,107.27,-1.17%,109.98,2.71
29,97.56,2.72%,94.69,-2.88
29,117.02,1.90%,109.01,-8.01
29,112.86,-1.77%,105.41,-7.46
29,93.38,-0.31%,89.49,-3.9
29,110.35,1.19%,100.01,-10.34
29,92.63,1.39%,101.48,8.85
29,111.53,-2.15%,104.38,-7.16
29,104.4,0.34%,99.99,-4.42
29,105.55,-2.42%,95.46,-10.1
29,126.72,2.08%,113.11,-13.61
29,102.82,1.47%,92.81,-10.01
29,106.38,-1.81%,107.3,0.92
29,102.93,2.48%,102.04,-0.9
29,105.96,-0.09%,99.56,-6.4
29,121.51,1.28%,114.37,-7.14
29,101.98,-2.16%,104.98,3
29,96.99,-1.34%,100.81,3.82
29,98.33,-0.28%,91.93,-6.4
29,103.45,1.98%,94.42,-9.04
29,95.55,-1.38%,93.5,-2.05
29,94.73,-1.78%,100.95,6.21
29,114.65,2.11%,103.59,-11.07
29,91.52,-2.72%,96.23,4.71
29,105.02,1.48%,103.94,-1.08
29,101.91,-2.63%,104.07,2.15
29,115.99,0.52%,99.88,-16.11
29,110.8,0.21%,104.72,-6.08
29,100.85,-0.77%,99.76,-1.09
29,106.5,3.06%,105.45,-1.05
29,110.97,-0.89%,101.05,-9.93
29,105.33,0.78%,97.97,-7.36
29,112.2,0.54%,105.44,-6.77
29,101.08,0.64%,106.27,5.18
29,107.9,-0.25%,103.56,-4.35
29,84.41,-3.15%,90.08,5.67
29,96.77,2.32%,98.59,1.82
29,108.05,1.19%,107.13,-0.93
29,122.62,2.14%,103.26,-19.36
29,102.98,1.09%,105.19,2.2
29,97.41,0.14%,101.04,3.63
29,96.3,-2.34%,88.44,-7.86
29,111.81,2.07%,106.14,-5.68
29,120.69,1.76%,105.79,-14.9
29,113.84,0.41%,106.69,-7.16
29,115.29,0.98%,101.58,-13.72
29,109.01,1.19%,109.95,0.93
29,103.03,0.09%,95.56,-7.47
29,102.3,-2.09%,95.26,-7.04
29,100.97,-2.88%,103.48,2.51
29,119.1,0.89%,109.14,-9.96
29,103.58,-1.14%,103.2,-0.38
29,102.93,3.05%,103.26,0.32
29,103.41,0.78%,106.43,3.02
29,119.29,2.55%,102.17,-17.13
29,108.02,-2.43%,101.1,-6.93
29,101.76,-1.20%,99.36,-2.41
29,126.67,0.29%,121.67,-5
29,98.4,-2.08%,96.57,-1.84
29,109.71,-0.89%,110.46,0.75
29,115.31,2.29%,112.4,-2.91
29,116.38,-1.49%,105.82,-10.57
29,119.08,2.54%,102.03,-17.05
29,96.02,-2.06%,95.24,-0.79
29,102.36,-1.31%,98.31,-4.05
29,114.1,2.42%,108.17,-5.93
29,90.71,1.38%,97.65,6.94
29,113.13,-1.39%,112.35,-0.79
29,109.1,1.20%,114.67,5.57
29,98.72,1.88%,92.77,-5.96
29,112.53,1.53%,117.91,5.37
29,95.81,0.18%,101.18,5.37
29,121.09,-0.27%,108.07,-13.03
29,96.75,-2.77%,96.41,-0.35
29,107.68,0.23%,110.06,2.37
29,107.62,-0.24%,100.07,-7.56
29,129.32,2.61%,116.46,-12.86
29,92.64,2.91%,94.52,1.87
29,106.68,1.06%,102.21,-4.48
29,124.8,1.11%,117.49,-7.32
29,115.15,-2.32%,102.24,-12.92
29,92.35,-0.89%,94.09,1.74
29,99.86,2.99%,92.7,-7.16
29,106.44,1.88%,94.64,-11.8
29,91.93,0.30%,94.46,2.52
29,96.78,-0.50%,103,6.21
29,91.55,3.07%,85.63,-5.93
29,101.74,-2.19%,109.72,7.98
29,110.55,-1.23%,101.89,-8.66
29,101.84,0.63%,98.67,-3.18
29,111,2.05%,102.46,-8.55
29,97.54,-0.36%,98.99,1.44
29,102.37,1.09%,96.55,-5.83
29,99.93,3.23%,98.09,-1.85
29,105.28,-0.19%,117.68,12.4
30,116.99,-2.39%,109.46,-7.54
30,105.47,2.09%,99.16,-6.32
30,127.47,0.99%,117.46,-10.02
30,108.92,-1.36%,105.07,-3.86
30,108.67,-1.16%,108.02,-0.66
30,107.76,0.45%,110.48,2.71
30,98.18,0.63%,95.29,-2.9
30,118.06,0.88%,109.97,-8.1
30,111.04,-1.62%,103.71,-7.34
30,93.08,-0.33%,89.2,-3.88
30,109.19,-1.06%,98.95,-10.24
30,92.71,0.08%,101.56,8.85
30,114.85,2.97%,107.48,-7.37
30,104.34,-0.06%,99.93,-4.41
30,104.84,-0.68%,94.81,-10.04
30,129.82,2.44%,115.87,-13.95
30,102.61,-0.21%,92.62,-9.99
30,107.36,0.92%,108.28,0.92
30,106.26,3.23%,105.34,-0.93
30,106.26,0.28%,99.84,-6.43
30,119.49,-1.67%,112.46,-7.04
30,104.81,2.77%,107.89,3.07
30,98.66,1.72%,102.54,3.88
30,97.02,-1.34%,90.7,-6.32
30,100.56,-2.80%,91.78,-8.79
30,93.33,-2.33%,91.32,-2.02
30,97.86,3.30%,104.28,6.42
30,112.06,-2.26%,101.24,-10.83
30,92.69,1.27%,97.46,4.76
30,107.47,2.33%,106.36,-1.11
30,101.76,-0.15%,103.91,2.14
30,115.64,-0.31%,99.57,-16.08
30,112.65,1.66%,106.46,-6.2
30,104.19,3.31%,103.06,-1.13
30,109.42,2.74%,108.34,-1.08
30,112.89,1.73%,102.79,-10.1
30,103.69,-1.56%,96.44,-7.25
30,113.21,0.90%,106.38,-6.83
30,98.59,-2.47%,103.65,5.06
30,110.18,2.11%,105.74,-4.45
30,87.09,3.17%,92.94,5.84
30,96.28,-0.51%,98.09,1.81
30,106.22,-1.70%,105.31,-0.91
30,123.57,0.77%,104.06,-19.51
30,101.38,-1.56%,103.55,2.17
30,99.38,2.02%,103.08,3.7
30,98.04,1.80%,90.03,-8.02
30,111.39,-0.38%,105.74,-5.66
30,123.23,2.10%,108.01,-15.22
30,113.26,-0.51%,106.14,-7.13
30,115.88,0.51%,102.09,-13.79
30,109.57,0.51%,110.51,0.94
30,105.59,2.48%,97.93,-7.66
30,99.44,-2.80%,92.59,-6.85
30,103.29,2.29%,105.85,2.55
30,122.1,2.51%,111.88,-10.22
30,105.85,2.19%,105.46,-0.4
30,101.72,-1.18%,102.04,0.32
30,105.84,2.34%,108.93,3.09
30,120.57,1.07%,103.26,-17.31
30,110.08,1.90%,103.02,-7.07
30,103.81,2.01%,101.36,-2.46
30,124.31,-1.87%,119.4,-4.91
30,100.88,2.52%,99,-1.88
30,112.16,2.23%,112.92,0.76
30,117.86,2.21%,114.88,-2.99
30,116.85,0.40%,106.24,-10.61
30,116.42,-2.24%,99.75,-16.68
30,93.86,-2.25%,93.09,-0.77
30,99.54,-2.76%,95.6,-3.95
30,117.35,2.84%,111.25,-6.1
30,87.83,-3.18%,94.54,6.71
30,112.52,-0.54%,111.74,-0.79
30,112.11,2.75%,117.83,5.71
30,98.6,-0.13%,92.65,-5.95
30,115.69,2.80%,121.22,5.53
30,93.2,-2.73%,98.42,5.21
30,120.49,-0.50%,107.53,-12.96
30,95.41,-1.39%,95.07,-0.35
30,107.39,-0.27%,109.76,2.37
30,107.77,0.13%,100.2,-7.57
30,129.6,0.21%,116.71,-12.89
30,94.3,1.79%,96.21,1.9
30,104.16,-2.37%,99.79,-4.37
30,126.51,1.37%,119.09,-7.43
30,115.71,0.48%,102.73,-12.98
30,90.97,-1.50%,92.68,1.71
30,99.73,-0.14%,92.57,-7.17
30,105.65,-0.75%,93.93,-11.72
30,93.35,1.54%,95.91,2.56
30,96.51,-0.28%,102.71,6.19
30,92.02,0.51%,86.06,-5.96
30,99.36,-2.34%,107.15,7.79
30,108.73,-1.65%,100.21,-8.53
30,102.89,1.03%,99.68,-3.21
30,110.01,-0.90%,101.54,-8.47
30,95.28,-2.32%,96.69,1.4
30,103.96,1.55%,98.04,-5.92
30,99.46,-0.48%,97.62,-1.84
30,105.2,-0.08%,117.59,12.39
